{
  "model": "Qwen/Qwen3.5-35B-A3B-GPTQ-Int4",
  "backend": "cuda",
  "scenario": "closed_loop",
  "concurrency": 32,
  "n_prompt": 256,
  "n_gen": 128,
  "actual_input_tokens": {
    "requested": 256,
    "min": 115,
    "max": 115,
    "mean": 115.0
  },
  "actual_input_tokens_per_request": [
    [
      115,
      115,
      115,
      115,
      115,
      115,
      115,
      115,
      115,
      115,
      115,
      115,
      115,
      115,
      115,
      115,
      115,
      115,
      115,
      115,
      115,
      115,
      115,
      115,
      115,
      115,
      115,
      115,
      115,
      115,
      115,
      115
    ]
  ],
  "output_tokens_per_request": [
    [
      128,
      128,
      128,
      128,
      128,
      128,
      128,
      128,
      128,
      128,
      128,
      128,
      128,
      128,
      128,
      128,
      128,
      128,
      128,
      128,
      128,
      128,
      128,
      128,
      128,
      128,
      128,
      128,
      128,
      128,
      128,
      128
    ]
  ],
  "output_token_count_source": "usage",
  "n_repeats": 1,
  "n_requests_per_run": 32,
  "warmup_requests": 4,
  "ttft_ms": {
    "p50": {
      "mean": 2046.1408979999999
    },
    "p75": {
      "mean": 2111.62830325
    },
    "p95": {
      "mean": 2112.8697929500004
    },
    "p99": {
      "mean": 2113.1396363000003
    }
  },
  "tpot_ms": {
    "p50": {
      "mean": 31.314149039370086
    },
    "p75": {
      "mean": 49.018366852362206
    },
    "p95": {
      "mean": 52.88954071181102
    },
    "p99": {
      "mean": 52.899330128425206
    }
  },
  "itl_ms": {
    "p50": {
      "mean": 19.479057
    },
    "p75": {
      "mean": 20.261905999999996
    },
    "p95": {
      "mean": 56.016582199999995
    },
    "p99": {
      "mean": 88.28678350000001
    }
  },
  "e2e_ms": {
    "p50": {
      "mean": 6046.012245
    },
    "p75": {
      "mean": 8321.76341125
    },
    "p95": {
      "mean": 8763.1717644
    },
    "p99": {
      "mean": 8764.29426565
    }
  },
  "output_throughput_tps": {
    "mean": 467.31327097943995
  },
  "total_throughput_tps": {
    "mean": 887.1650378750305
  },
  "request_throughput_rps": {
    "mean": 3.6508849295268746
  },
  "goodput_rps": {
    "mean": 3.6508849295268746
  },
  "slo": {
    "ttft_p99_ms": null,
    "tpot_p99_ms": null,
    "e2e_p99_ms": null
  },
  "completed_per_run": [
    32
  ],
  "errored_per_run": [
    0
  ],
  "bad_output_per_run": [
    0
  ],
  "malformed_stream_per_run": [
    0
  ],
  "missing_done_per_run": [
    0
  ],
  "duplicate_done_per_run": [
    0
  ],
  "zero_output_tokens_per_run": [
    0
  ],
  "stream_bulk_flush_per_run": [
    0
  ],
  "http_500_per_run": [
    0
  ],
  "panic_per_run": [
    0
  ],
  "quality_issues_per_run": [
    {
      "bad_output": 0,
      "malformed_stream": 0,
      "missing_done": 0,
      "duplicate_done": 0,
      "zero_output_tokens": 0,
      "stream_bulk_flush": 0,
      "http_500": 0,
      "panic": 0
    }
  ],
  "env": {
    "commit_sha": "8a5f2819",
    "hw_id": "rtx-4090",
    "driver": "570.153.02",
    "cuda": "12.4",
    "rust": "1.96.0",
    "ferrum_features": [
      "cuda",
      "vllm-moe-marlin",
      "vllm-paged-attn-v2"
    ],
    "gpu_clock_lock_mhz": 2655,
    "gpu_power_limit_w": 450,
    "gpu_persistence_mode": true,
    "ferrum_env": {
      "FERRUM_SCHED_TRACE": "1",
      "FERRUM_UNIFIED_PROF": "1"
    },
    "runtime_config": {
      "entries": [
        {
          "key": "FERRUM_SCHED_TRACE",
          "effective_value": "1",
          "source": "env",
          "affects": [
            "performance",
            "diagnostics"
          ]
        },
        {
          "key": "FERRUM_UNIFIED_PROF",
          "effective_value": "1",
          "source": "env",
          "affects": [
            "diagnostics"
          ]
        }
      ]
    }
  },
  "env_hash": "sha256:ab2d235d5c28d34cdf590fe9eeef41d47e33f1a750cd62247fe0806e5a351781"
}