{"offers": [{"id": 40232079, "ask_contract_id": 40232079, "bundle_id": 1263557710, "bundled_results": null, "bw_nvlink": 0.0, "compute_cap": 890, "cpu_arch": "amd64", "cpu_cores": 256, "cpu_cores_effective": 21.333333333333332, "cpu_ghz": 3.5413679, "cpu_name": "AMD EPYC 7B13 64-Core Processor", "cpu_ram": 53731, "credit_discount_max": 0.0, "cuda_max_good": 13.0, "direct_port_count": 83, "disk_bw": 3797.0, "disk_name": "Lexar SSD NQ790 4TB", "disk_space": 581.0306397406378, "dlperf": 123.63268725592174, "dlperf_per_dphtotal": 240.49586137679304, "dph_base": 0.5066666666666666, "dph_total": 0.514074074074074, "driver_version": "580.142", "driver_vers": 580142000, "duration": 15176230.799514532, "end_date": 1796813676.0, "external": null, "flops_per_dphtotal": 158.3345982708934, "geolocation": "California, US", "geolocode": 433199645, "gpu_arch": "nvidia", "gpu_display_active": false, "gpu_frac": 0.08333333333333333, "gpu_ids": [177993], "gpu_lanes": 16, "gpu_mem_bw": 878.5, "gpu_name": "RTX 4090", "gpu_ram": 49140, "gpu_total_ram": 49140, "gpu_max_power": 450.0, "gpu_max_temp": 46.0, "has_avx": 1, "host_id": 256524, "hosting_type": 0, "hostname": null, "inet_down": 8363.6, "inet_down_cost": 0.0390625, "inet_up": 6268.3, "inet_up_cost": 0.0390625, "is_bid": false, "logo": "/static/logos/vastai_small2.png", "machine_id": 57250, "min_bid": 0.5333333333333333, "mobo_name": "ROME2D32GM-2T", "num_gpus": 1, "os_version": "22.04", "pci_gen": 4.0, "pcie_bw": 23.8, "public_ipaddr": "23.158.136.85", "reliability": 0.99482, "reliability_mult": 0.9507148, "rentable": true, "rented": false, "score": 317.83126853940763, "start_date": 1781637025.502, "static_ip": false, "storage_cost": 0.6666666666666666, "storage_total_cost": 0.007407407407407407, "total_flops": 81.395712, "verification": "verified", "vericode": 1, "vram_costperhour": 0.01055813322479989, "webpage": null, "vms_enabled": false, "expected_reliability": 0.0, "sla_sigma_x": null, "sla_broker_rate": null, "is_vm_deverified": true, "resource_type": "gpu", "cluster_id": null, "avail_vol_ask_id": 40232104, "avail_vol_dph": 0.0009259259259259259, "avail_vol_size": 3646.0, "nw_disk_min_bw": null, "nw_disk_max_bw": null, "nw_disk_avg_bw": null, "rn": 1, "dph_total_adj": 0.592199074074074, "reliability2": 0.99482, "target_reliability": 0.0, "sla_r_claim": 0.0, "discount_rate": 0.0, "discounted_hourly": 0.0, "discounted_dph_total": 0.514074074074074, "search": {"gpuCostPerHour": 0.5066666666666666, "diskHour": 0.007407407407407407, "slaPremiumPerHour": 0.0, "totalHour": 0.514074074074074, "discountTotalHour": 0, "discountedTotalPerHour": 0.514074074074074}, "instance": {"gpuCostPerHour": 0, "diskHour": 0.007407407407407407, "slaPremiumPerHour": 0, "totalHour": 0.007407407407407407, "discountTotalHour": 0, "discountedTotalPerHour": 0.007407407407407407}, "time_remaining": "", "time_remaining_isbid": "", "internet_up_cost_per_tb": 40.0, "internet_down_cost_per_tb": 40.0}]}