{
  "completed": 16,
  "errors": [],
  "elapsed_seconds": 1.0443927645683289,
  "completion_tokens": 1024,
  "tok_s": 980.4740464888632,
  "latency_seconds": [
    0.9767748452723026,
    0.9785096012055874,
    0.973317563533783,
    0.9742905367165804,
    0.9865594059228897,
    0.9856662843376398,
    0.991070568561554,
    1.0049715768545866,
    0.9994922913610935,
    0.9990127552300692,
    1.011446762830019,
    1.011207725852728,
    1.0121754799038172,
    1.0293801687657833,
    1.0300612691789865,
    1.02895493991673
  ],
  "content_heads": [
    "<think>\nOkay, the user is asking for the capital of France. Let me recall. Franc",
    "<think>\nOkay, the user is asking for the capital of France. Let me recall. Franc",
    "<think>\nOkay, the user is asking for the capital of France. Let me think. I know",
    "<think>\nOkay, the user is asking for the capital of France. Let me recall. Franc"
  ],
  "invalid_token_text_present": false,
  "panic_present": false,
  "passed": true
}