{
  "model": "gemma3:27b-gptq",
  "backend": "cuda",
  "scenario": "closed_loop",
  "concurrency": 16,
  "n_prompt": 256,
  "n_gen": 128,
  "actual_input_tokens": {
    "requested": 256,
    "min": 112,
    "max": 112,
    "mean": 112.0
  },
  "actual_input_tokens_per_request": [
    [
      112,
      112,
      112,
      112,
      112,
      112,
      112,
      112,
      112,
      112,
      112,
      112,
      112,
      112,
      112,
      112,
      112,
      112,
      112,
      112,
      112,
      112,
      112,
      112,
      112,
      112,
      112,
      112,
      112,
      112,
      112,
      112,
      112,
      112,
      112,
      112,
      112,
      112,
      112,
      112,
      112,
      112,
      112,
      112,
      112,
      112,
      112,
      112,
      112,
      112,
      112,
      112,
      112,
      112,
      112,
      112,
      112,
      112,
      112,
      112,
      112,
      112,
      112,
      112
    ]
  ],
  "output_tokens_per_request": [
    [
      76,
      74,
      76,
      77,
      76,
      77,
      70,
      76,
      70,
      74,
      75,
      77,
      76,
      76,
      76,
      74,
      76,
      74,
      76,
      70,
      76,
      76,
      60,
      76,
      76,
      68,
      72,
      67,
      60,
      73,
      76,
      76,
      65,
      70,
      76,
      75,
      76,
      80,
      73,
      77,
      77,
      75,
      75,
      72,
      81,
      70,
      75,
      75,
      76,
      75,
      70,
      76,
      76,
      68,
      68,
      69,
      76,
      76,
      76,
      73,
      76,
      67,
      76,
      71
    ]
  ],
  "output_token_count_source": "usage",
  "n_repeats": 1,
  "n_requests_per_run": 64,
  "warmup_requests": 10,
  "ttft_ms": {
    "p50": {
      "mean": 294.0712495
    },
    "p75": {
      "mean": 394.98145750000003
    },
    "p95": {
      "mean": 852.7869852000001
    },
    "p99": {
      "mean": 853.31853697
    }
  },
  "tpot_ms": {
    "p50": {
      "mean": 45.52610599450118
    },
    "p75": {
      "mean": 47.19505451689189
    },
    "p95": {
      "mean": 49.08542735572588
    },
    "p99": {
      "mean": 49.8245244688
    }
  },
  "itl_ms": {
    "p50": {
      "mean": 38.348624
    },
    "p75": {
      "mean": 38.787688
    },
    "p95": {
      "mean": 86.12772580000004
    },
    "p99": {
      "mean": 142.59986479999546
    }
  },
  "e2e_ms": {
    "p50": {
      "mean": 3620.6490005
    },
    "p75": {
      "mean": 3831.9981125
    },
    "p95": {
      "mean": 4193.4022803
    },
    "p99": {
      "mean": 4229.48110766
    }
  },
  "output_throughput_tps": {
    "mean": 320.31069793533936
  },
  "total_throughput_tps": {
    "mean": 807.4711228877078
  },
  "request_throughput_rps": {
    "mean": 4.349646651360432
  },
  "goodput_rps": {
    "mean": 4.349646651360432
  },
  "slo": {
    "ttft_p99_ms": null,
    "tpot_p99_ms": null,
    "e2e_p99_ms": null
  },
  "completed_per_run": [
    64
  ],
  "errored_per_run": [
    0
  ],
  "bad_output_per_run": [
    0
  ],
  "malformed_stream_per_run": [
    0
  ],
  "missing_done_per_run": [
    0
  ],
  "duplicate_done_per_run": [
    0
  ],
  "zero_output_tokens_per_run": [
    0
  ],
  "stream_bulk_flush_per_run": [
    0
  ],
  "http_500_per_run": [
    0
  ],
  "panic_per_run": [
    0
  ],
  "quality_issues_per_run": [
    {
      "bad_output": 0,
      "malformed_stream": 0,
      "missing_done": 0,
      "duplicate_done": 0,
      "zero_output_tokens": 0,
      "stream_bulk_flush": 0,
      "http_500": 0,
      "panic": 0
    }
  ],
  "env": {
    "commit_sha": "",
    "hw_id": "rtx-4090",
    "driver": "565.77",
    "cuda": "12.4",
    "rust": "1.96.0",
    "ferrum_features": [
      "cuda",
      "vllm-moe-marlin",
      "vllm-paged-attn-v2"
    ],
    "gpu_clock_lock_mhz": 2790,
    "gpu_power_limit_w": 350,
    "gpu_persistence_mode": true,
    "ferrum_env": {},
    "runtime_config": {
      "entries": []
    }
  },
  "env_hash": "sha256:3d3bcfbdec09f2cc49be4ba2a066e94f573fe3b2f2cc1083ecb9b85bebdc93be"
}