{
  "backend": "cuda",
  "completed_per_run": [
    128,
    128,
    128,
    128,
    128
  ],
  "concurrency": 16,
  "e2e_ms": {
    "p50": {
      "ci95_hw": 7.674684021080726,
      "mean": 1554.3208985,
      "stddev": 6.181957916775192
    },
    "p75": {
      "ci95_hw": 8.65336369467874,
      "mean": 1571.6022292999999,
      "stddev": 6.970284385925936
    },
    "p95": {
      "ci95_hw": 37.1451877786265,
      "mean": 1658.3930568699998,
      "stddev": 29.920448454612135
    },
    "p99": {
      "ci95_hw": 38.07930682675336,
      "mean": 1660.263876672,
      "stddev": 30.672881340307036
    }
  },
  "env": {
    "commit_sha": "20ab798",
    "cuda": "13.0",
    "driver": "580.95.05",
    "ferrum_env": {},
    "ferrum_features": [
      "cuda",
      "vllm-moe-marlin",
      "vllm-paged-attn-v2"
    ],
    "gpu_clock_lock_mhz": 2670,
    "gpu_persistence_mode": true,
    "gpu_power_limit_w": 450,
    "hw_id": "rtx-4090",
    "rust": "unknown"
  },
  "env_hash": "sha256:0ecd9aba7197b06467a3024b96706e7a372d2c4c36ef117dc1c5a2880e2eb08c",
  "errored_per_run": [
    0,
    0,
    0,
    0,
    0
  ],
  "goodput_rps": {
    "ci95_hw": 0.043849749453785954,
    "mean": 10.324771468340822,
    "stddev": 0.03532097282961084
  },
  "itl_ms": {
    "p50": {
      "ci95_hw": 0.09963408358086492,
      "mean": 10.2267019,
      "stddev": 0.08025525351682625
    },
    "p75": {
      "ci95_hw": 0.03433572792962333,
      "mean": 10.878166349999999,
      "stddev": 0.02765742856901149
    },
    "p95": {
      "ci95_hw": 0.05987488230277484,
      "mean": 11.44653121,
      "stddev": 0.04822921720958346
    },
    "p99": {
      "ci95_hw": 0.5769446058417231,
      "mean": 25.402223486000004,
      "stddev": 0.4647288753292203
    }
  },
  "model": "Qwen/Qwen3-30B-A3B-GPTQ-Int4",
  "n_gen": 128,
  "n_prompt": 256,
  "n_repeats": 5,
  "n_requests_per_run": 128,
  "output_throughput_tps": {
    "ci95_hw": 5.656617679538381,
    "mean": 1331.8955194159662,
    "stddev": 4.556405495019792
  },
  "request_throughput_rps": {
    "ci95_hw": 0.043849749453785954,
    "mean": 10.324771468340822,
    "stddev": 0.03532097282961084
  },
  "scenario": "closed_loop",
  "slo": {
    "e2e_p99_ms": null,
    "tpot_p99_ms": null,
    "ttft_p99_ms": null
  },
  "total_throughput_tps": {
    "ci95_hw": 16.882153539707293,
    "mean": 3975.037015311217,
    "stddev": 13.59857453939993
  },
  "tpot_ms": {
    "p50": {
      "ci95_hw": 0.07376828267378813,
      "mean": 10.501562615625001,
      "stddev": 0.05942035109582501
    },
    "p75": {
      "ci95_hw": 0.06986022062450789,
      "mean": 10.638918207421877,
      "stddev": 0.056272407146805654
    },
    "p95": {
      "ci95_hw": 0.07455609601115466,
      "mean": 10.865140220312501,
      "stddev": 0.06005493473268832
    },
    "p99": {
      "ci95_hw": 0.06561426099290273,
      "mean": 10.980081611,
      "stddev": 0.052852286697962304
    }
  },
  "ttft_ms": {
    "p50": {
      "ci95_hw": 2.4512989725140737,
      "mean": 208.4391755,
      "stddev": 1.9745213024916637
    },
    "p75": {
      "ci95_hw": 5.965084955385074,
      "mean": 213.91147759999998,
      "stddev": 4.804875883214095
    },
    "p95": {
      "ci95_hw": 10.470919325475222,
      "mean": 352.91708146,
      "stddev": 8.434325431800737
    },
    "p99": {
      "ci95_hw": 6.304271922757157,
      "mean": 354.8483193800001,
      "stddev": 5.078090982683108
    }
  },
  "warmup_requests": 10
}