{
  "backend": "cuda",
  "completed_per_run": [
    128,
    128,
    128,
    128,
    128
  ],
  "concurrency": 1,
  "e2e_ms": {
    "p50": {
      "ci95_hw": 0.4286534762443391,
      "mean": 702.3238976,
      "stddev": 0.345280371640466
    },
    "p75": {
      "ci95_hw": 0.30961304175883597,
      "mean": 702.8561718499999,
      "stddev": 0.24939330262724727
    },
    "p95": {
      "ci95_hw": 0.42404444355941096,
      "mean": 703.8497801000001,
      "stddev": 0.34156779585011376
    },
    "p99": {
      "ci95_hw": 2.591607464093378,
      "mean": 706.3835014399999,
      "stddev": 2.0875397913215563
    }
  },
  "env": {
    "commit_sha": "20ab798",
    "cuda": "13.0",
    "driver": "580.95.05",
    "ferrum_env": {},
    "ferrum_features": [
      "cuda",
      "vllm-moe-marlin",
      "vllm-paged-attn-v2"
    ],
    "gpu_clock_lock_mhz": 2685,
    "gpu_persistence_mode": true,
    "gpu_power_limit_w": 450,
    "hw_id": "rtx-4090",
    "rust": "unknown"
  },
  "env_hash": "sha256:9fedccc21dde6e086698c729f9e83971d2df0da7a73f901474f9fba8f5dc0f79",
  "errored_per_run": [
    0,
    0,
    0,
    0,
    0
  ],
  "goodput_rps": {
    "ci95_hw": 0.0015607063382714575,
    "mean": 1.4254459353191065,
    "stddev": 0.0012571489428277237
  },
  "itl_ms": {
    "p50": {
      "ci95_hw": 0.002720599960212142,
      "mean": 4.8363534999999995,
      "stddev": 0.0021914432458997025
    },
    "p75": {
      "ci95_hw": 0.002027278339655752,
      "mean": 4.85294155,
      "stddev": 0.001632972686161084
    },
    "p95": {
      "ci95_hw": 0.023700780764863046,
      "mean": 4.96410287,
      "stddev": 0.019090978713996124
    },
    "p99": {
      "ci95_hw": 0.029981495824173122,
      "mean": 5.112184300000001,
      "stddev": 0.024150094643363543
    }
  },
  "model": "Qwen/Qwen3-30B-A3B-GPTQ-Int4",
  "n_gen": 128,
  "n_prompt": 256,
  "n_repeats": 5,
  "n_requests_per_run": 128,
  "output_throughput_tps": {
    "ci95_hw": 0.20133111763703382,
    "mean": 183.88252565616474,
    "stddev": 0.1621722136247891
  },
  "request_throughput_rps": {
    "ci95_hw": 0.0015607063382714575,
    "mean": 1.4254459353191065,
    "stddev": 0.0012571489428277237
  },
  "scenario": "closed_loop",
  "slo": {
    "e2e_p99_ms": null,
    "tpot_p99_ms": null,
    "ttft_p99_ms": null
  },
  "total_throughput_tps": {
    "ci95_hw": 0.6008719402345037,
    "mean": 548.796685097856,
    "stddev": 0.48400234298866773
  },
  "tpot_ms": {
    "p50": {
      "ci95_hw": 0.0011414642779232322,
      "mean": 4.798732732812501,
      "stddev": 0.0009194494666152954
    },
    "p75": {
      "ci95_hw": 0.0008037602422920914,
      "mean": 4.799738294921875,
      "stddev": 0.0006474288686515914
    },
    "p95": {
      "ci95_hw": 0.0003133154812918341,
      "mean": 4.800841992421875,
      "stddev": 0.000252375617641068
    },
    "p99": {
      "ci95_hw": 0.00032597786111090776,
      "mean": 4.802235940671875,
      "stddev": 0.0002625751644826999
    }
  },
  "ttft_ms": {
    "p50": {
      "ci95_hw": 0.18286057212348555,
      "mean": 88.1405078,
      "stddev": 0.14729418936333458
    },
    "p75": {
      "ci95_hw": 0.15687235712096087,
      "mean": 88.71957714999999,
      "stddev": 0.12636068238944226
    },
    "p95": {
      "ci95_hw": 0.2208299920305613,
      "mean": 89.64983049,
      "stddev": 0.17787855679073197
    },
    "p99": {
      "ci95_hw": 2.969474515849087,
      "mean": 92.628277256,
      "stddev": 2.3919116984480677
    }
  },
  "warmup_requests": 10
}