{
  "backend": "cuda",
  "completed_per_run": [
    128,
    128,
    128,
    128,
    128
  ],
  "concurrency": 32,
  "e2e_ms": {
    "p50": {
      "ci95_hw": 17.96640680134616,
      "mean": 2070.4278044,
      "stddev": 14.47194053286188
    },
    "p75": {
      "ci95_hw": 12.964461747864487,
      "mean": 2135.70830055,
      "stddev": 10.442873832824473
    },
    "p95": {
      "ci95_hw": 46.20348977045451,
      "mean": 2336.79894517,
      "stddev": 37.21691063560967
    },
    "p99": {
      "ci95_hw": 64.18814593298693,
      "mean": 2392.593060372,
      "stddev": 51.703551028759165
    }
  },
  "env": {
    "commit_sha": "20ab798",
    "cuda": "13.0",
    "driver": "580.95.05",
    "ferrum_env": {},
    "ferrum_features": [
      "cuda",
      "vllm-moe-marlin",
      "vllm-paged-attn-v2"
    ],
    "gpu_clock_lock_mhz": 2670,
    "gpu_persistence_mode": true,
    "gpu_power_limit_w": 450,
    "hw_id": "rtx-4090",
    "rust": "unknown"
  },
  "env_hash": "sha256:0ecd9aba7197b06467a3024b96706e7a372d2c4c36ef117dc1c5a2880e2eb08c",
  "errored_per_run": [
    0,
    0,
    0,
    0,
    0
  ],
  "goodput_rps": {
    "ci95_hw": 0.14445922614873358,
    "mean": 15.294004713901733,
    "stddev": 0.11636190549192488
  },
  "itl_ms": {
    "p50": {
      "ci95_hw": 0.25996029653818076,
      "mean": 12.6048423,
      "stddev": 0.20939801675445802
    },
    "p75": {
      "ci95_hw": 0.1391296491424128,
      "mean": 13.5063827,
      "stddev": 0.11206893125653111
    },
    "p95": {
      "ci95_hw": 0.143671253626898,
      "mean": 14.25763183,
      "stddev": 0.11572719363197304
    },
    "p99": {
      "ci95_hw": 2.6005466436626348,
      "mean": 101.64425634,
      "stddev": 2.094740300392138
    }
  },
  "model": "Qwen/Qwen3-30B-A3B-GPTQ-Int4",
  "n_gen": 128,
  "n_prompt": 256,
  "n_repeats": 5,
  "n_requests_per_run": 128,
  "output_throughput_tps": {
    "ci95_hw": 18.635240173186723,
    "mean": 1972.9266080933237,
    "stddev": 15.010685808458383
  },
  "request_throughput_rps": {
    "ci95_hw": 0.14445922614873358,
    "mean": 15.294004713901733,
    "stddev": 0.11636190549192488
  },
  "scenario": "closed_loop",
  "slo": {
    "e2e_p99_ms": null,
    "tpot_p99_ms": null,
    "ttft_p99_ms": null
  },
  "total_throughput_tps": {
    "ci95_hw": 55.61680206726248,
    "mean": 5888.191814852167,
    "stddev": 44.799333614391124
  },
  "tpot_ms": {
    "p50": {
      "ci95_hw": 0.2594923035970493,
      "mean": 13.98959142421875,
      "stddev": 0.20902104844416985
    },
    "p75": {
      "ci95_hw": 0.20364707558547485,
      "mean": 14.362664873046876,
      "stddev": 0.16403771773348688
    },
    "p95": {
      "ci95_hw": 0.2041842407399811,
      "mean": 14.640624364609376,
      "stddev": 0.1644704042610878
    },
    "p99": {
      "ci95_hw": 0.14791314136527456,
      "mean": 14.8033621529375,
      "stddev": 0.11914403417085376
    }
  },
  "ttft_ms": {
    "p50": {
      "ci95_hw": 24.148597880256947,
      "mean": 270.9218228,
      "stddev": 19.451695396816234
    },
    "p75": {
      "ci95_hw": 39.42215855392487,
      "mean": 330.16790380000003,
      "stddev": 31.75454839565952
    },
    "p95": {
      "ci95_hw": 20.19087224384406,
      "mean": 613.7436746,
      "stddev": 16.26374742876406
    },
    "p99": {
      "ci95_hw": 19.38638375392793,
      "mean": 642.1526255640001,
      "stddev": 15.615731956657209
    }
  },
  "warmup_requests": 10
}