{
  "backend": "cuda",
  "completed_per_run": [
    128,
    128,
    128,
    128,
    128
  ],
  "concurrency": 4,
  "e2e_ms": {
    "p50": {
      "ci95_hw": 4.903105991992868,
      "mean": 1006.4371071000002,
      "stddev": 3.9494518368092915
    },
    "p75": {
      "ci95_hw": 7.580286526210696,
      "mean": 1018.2943690499999,
      "stddev": 6.1059207354225
    },
    "p95": {
      "ci95_hw": 11.812043081776343,
      "mean": 1038.41183075,
      "stddev": 9.514600606631129
    },
    "p99": {
      "ci95_hw": 11.248606837604642,
      "mean": 1041.523235886,
      "stddev": 9.060752716517623
    }
  },
  "env": {
    "commit_sha": "20ab798",
    "cuda": "13.0",
    "driver": "580.95.05",
    "ferrum_env": {},
    "ferrum_features": [
      "cuda",
      "vllm-moe-marlin",
      "vllm-paged-attn-v2"
    ],
    "gpu_clock_lock_mhz": 2685,
    "gpu_persistence_mode": true,
    "gpu_power_limit_w": 450,
    "hw_id": "rtx-4090",
    "rust": "unknown"
  },
  "env_hash": "sha256:9fedccc21dde6e086698c729f9e83971d2df0da7a73f901474f9fba8f5dc0f79",
  "errored_per_run": [
    0,
    0,
    0,
    0,
    0
  ],
  "goodput_rps": {
    "ci95_hw": 0.021812959312361553,
    "mean": 3.9730028156910935,
    "stddev": 0.01757033854930746
  },
  "itl_ms": {
    "p50": {
      "ci95_hw": 0.030365860133201052,
      "mean": 6.867991599999999,
      "stddev": 0.024459700091170166
    },
    "p75": {
      "ci95_hw": 0.033782535208812706,
      "mean": 7.177119299999999,
      "stddev": 0.027211831836882302
    },
    "p95": {
      "ci95_hw": 0.01678317193592291,
      "mean": 7.45816516,
      "stddev": 0.013518844858353881
    },
    "p99": {
      "ci95_hw": 0.009137840408914395,
      "mean": 7.660557679999999,
      "stddev": 0.007360530375315946
    }
  },
  "model": "Qwen/Qwen3-30B-A3B-GPTQ-Int4",
  "n_gen": 128,
  "n_prompt": 256,
  "n_repeats": 5,
  "n_requests_per_run": 128,
  "output_throughput_tps": {
    "ci95_hw": 2.8138717512946427,
    "mean": 512.5173632241509,
    "stddev": 2.2665736728606642
  },
  "request_throughput_rps": {
    "ci95_hw": 0.021812959312361553,
    "mean": 3.9730028156910935,
    "stddev": 0.01757033854930746
  },
  "scenario": "closed_loop",
  "slo": {
    "e2e_p99_ms": null,
    "tpot_p99_ms": null,
    "ttft_p99_ms": null
  },
  "total_throughput_tps": {
    "ci95_hw": 8.397989335259226,
    "mean": 1529.6060840410707,
    "stddev": 6.764580341483394
  },
  "tpot_ms": {
    "p50": {
      "ci95_hw": 0.01224434472423064,
      "mean": 6.691653150781249,
      "stddev": 0.009862819576124147
    },
    "p75": {
      "ci95_hw": 0.05587646223788581,
      "mean": 6.786084963671874,
      "stddev": 0.0450084898797236
    },
    "p95": {
      "ci95_hw": 0.050778367068099725,
      "mean": 6.938448462578125,
      "stddev": 0.04090197426178231
    },
    "p99": {
      "ci95_hw": 0.05715599873257625,
      "mean": 6.964319803171875,
      "stddev": 0.04603915651582577
    }
  },
  "ttft_ms": {
    "p50": {
      "ci95_hw": 2.0473737608589135,
      "mean": 149.81596340000002,
      "stddev": 1.649159547777352
    },
    "p75": {
      "ci95_hw": 2.153082149227798,
      "mean": 152.75523085,
      "stddev": 1.7343076537516944
    },
    "p95": {
      "ci95_hw": 1.8673431599729042,
      "mean": 155.65729276,
      "stddev": 1.5041449002228668
    },
    "p99": {
      "ci95_hw": 5.3557369178450465,
      "mean": 162.003804108,
      "stddev": 4.314046043914528
    }
  },
  "warmup_requests": 10
}