{
  "model": "gemma3:27b-gptq",
  "backend": "cuda",
  "scenario": "closed_loop",
  "concurrency": 16,
  "n_prompt": 256,
  "n_gen": 64,
  "actual_input_tokens": {
    "requested": 256,
    "min": 112,
    "max": 112,
    "mean": 112.0
  },
  "actual_input_tokens_per_request": [
    [
      112,
      112,
      112,
      112,
      112,
      112,
      112,
      112,
      112,
      112,
      112,
      112,
      112,
      112,
      112,
      112
    ]
  ],
  "output_tokens_per_request": [
    [
      64,
      64,
      64,
      64,
      64,
      64,
      64,
      64,
      64,
      64,
      64,
      64,
      64,
      64,
      63,
      64
    ]
  ],
  "output_token_count_source": "usage",
  "n_repeats": 1,
  "n_requests_per_run": 16,
  "warmup_requests": 10,
  "ttft_ms": {
    "p50": {
      "mean": 1412.482892
    },
    "p75": {
      "mean": 1413.3468899999998
    },
    "p95": {
      "mean": 1413.93609775
    },
    "p99": {
      "mean": 1414.04960035
    }
  },
  "tpot_ms": {
    "p50": {
      "mean": 29.0496996984127
    },
    "p75": {
      "mean": 29.061931503968253
    },
    "p95": {
      "mean": 29.07414396825397
    },
    "p99": {
      "mean": 29.082797034920638
    }
  },
  "itl_ms": {
    "p50": {
      "mean": 29.097793
    },
    "p75": {
      "mean": 29.35014925
    },
    "p95": {
      "mean": 29.5756875
    },
    "p99": {
      "mean": 30.076906
    }
  },
  "e2e_ms": {
    "p50": {
      "mean": 3242.7675044999996
    },
    "p75": {
      "mean": 3243.0634929999997
    },
    "p95": {
      "mean": 3243.3598269999998
    },
    "p99": {
      "mean": 3243.3693069999995
    }
  },
  "output_throughput_tps": {
    "mean": 315.39451845233344
  },
  "total_throughput_tps": {
    "mean": 867.8744569338403
  },
  "request_throughput_rps": {
    "mean": 4.932856593584883
  },
  "goodput_rps": {
    "mean": 4.932856593584883
  },
  "slo": {
    "ttft_p99_ms": null,
    "tpot_p99_ms": null,
    "e2e_p99_ms": null
  },
  "completed_per_run": [
    16
  ],
  "errored_per_run": [
    0
  ],
  "bad_output_per_run": [
    0
  ],
  "malformed_stream_per_run": [
    0
  ],
  "missing_done_per_run": [
    0
  ],
  "duplicate_done_per_run": [
    0
  ],
  "zero_output_tokens_per_run": [
    0
  ],
  "stream_bulk_flush_per_run": [
    0
  ],
  "http_500_per_run": [
    0
  ],
  "panic_per_run": [
    0
  ],
  "quality_issues_per_run": [
    {
      "bad_output": 0,
      "malformed_stream": 0,
      "missing_done": 0,
      "duplicate_done": 0,
      "zero_output_tokens": 0,
      "stream_bulk_flush": 0,
      "http_500": 0,
      "panic": 0
    }
  ],
  "env": {
    "commit_sha": "",
    "hw_id": "rtx-4090",
    "driver": "565.77",
    "cuda": "12.4",
    "rust": "1.96.0",
    "ferrum_features": [
      "cuda",
      "vllm-moe-marlin",
      "vllm-paged-attn-v2"
    ],
    "gpu_clock_lock_mhz": 2790,
    "gpu_power_limit_w": 350,
    "gpu_persistence_mode": true,
    "ferrum_env": {},
    "runtime_config": {
      "entries": []
    }
  },
  "env_hash": "sha256:3d3bcfbdec09f2cc49be4ba2a066e94f573fe3b2f2cc1083ecb9b85bebdc93be"
}