{
  "model": "Qwen/Qwen3.5-35B-A3B-GPTQ-Int4",
  "backend": "cuda",
  "scenario": "closed_loop",
  "concurrency": 32,
  "n_prompt": 256,
  "n_gen": 128,
  "actual_input_tokens": {
    "requested": 256,
    "min": 115,
    "max": 115,
    "mean": 115.0
  },
  "actual_input_tokens_per_request": [
    [
      115,
      115,
      115,
      115,
      115,
      115,
      115,
      115,
      115,
      115,
      115,
      115,
      115,
      115,
      115,
      115,
      115,
      115,
      115,
      115,
      115,
      115,
      115,
      115,
      115,
      115,
      115,
      115,
      115,
      115,
      115,
      115
    ]
  ],
  "output_tokens_per_request": [
    [
      128,
      128,
      128,
      128,
      128,
      128,
      128,
      128,
      128,
      128,
      128,
      128,
      128,
      128,
      128,
      128,
      128,
      128,
      128,
      128,
      128,
      128,
      128,
      128,
      128,
      128,
      128,
      128,
      128,
      128,
      128,
      128
    ]
  ],
  "output_token_count_source": "usage",
  "n_repeats": 1,
  "n_requests_per_run": 32,
  "warmup_requests": 4,
  "ttft_ms": {
    "p50": {
      "mean": 2074.7009395
    },
    "p75": {
      "mean": 2118.1893555
    },
    "p95": {
      "mean": 2152.9349322999997
    },
    "p99": {
      "mean": 2159.8347657699996
    }
  },
  "tpot_ms": {
    "p50": {
      "mean": 34.78155516141732
    },
    "p75": {
      "mean": 52.08920887992126
    },
    "p95": {
      "mean": 55.93251443661417
    },
    "p99": {
      "mean": 56.39956847496063
    }
  },
  "itl_ms": {
    "p50": {
      "mean": 19.034163999999997
    },
    "p75": {
      "mean": 19.814757
    },
    "p95": {
      "mean": 64.287574
    },
    "p99": {
      "mean": 148.89845768999973
    }
  },
  "e2e_ms": {
    "p50": {
      "mean": 6432.323915
    },
    "p75": {
      "mean": 8723.57251125
    },
    "p95": {
      "mean": 9181.92076565
    },
    "p99": {
      "mean": 9183.06975015
    }
  },
  "output_throughput_tps": {
    "mean": 446.00713798578266
  },
  "total_throughput_tps": {
    "mean": 846.7166760198843
  },
  "request_throughput_rps": {
    "mean": 3.484430765513927
  },
  "goodput_rps": {
    "mean": 3.484430765513927
  },
  "slo": {
    "ttft_p99_ms": null,
    "tpot_p99_ms": null,
    "e2e_p99_ms": null
  },
  "completed_per_run": [
    32
  ],
  "errored_per_run": [
    0
  ],
  "bad_output_per_run": [
    0
  ],
  "malformed_stream_per_run": [
    0
  ],
  "missing_done_per_run": [
    0
  ],
  "duplicate_done_per_run": [
    0
  ],
  "zero_output_tokens_per_run": [
    0
  ],
  "stream_bulk_flush_per_run": [
    0
  ],
  "http_500_per_run": [
    0
  ],
  "panic_per_run": [
    0
  ],
  "quality_issues_per_run": [
    {
      "bad_output": 0,
      "malformed_stream": 0,
      "missing_done": 0,
      "duplicate_done": 0,
      "zero_output_tokens": 0,
      "stream_bulk_flush": 0,
      "http_500": 0,
      "panic": 0
    }
  ],
  "env": {
    "commit_sha": "65565d30",
    "hw_id": "rtx-4090",
    "driver": "570.153.02",
    "cuda": "12.4",
    "rust": "1.96.0",
    "ferrum_features": [
      "cuda",
      "vllm-moe-marlin",
      "vllm-paged-attn-v2"
    ],
    "gpu_clock_lock_mhz": 2655,
    "gpu_power_limit_w": 450,
    "gpu_persistence_mode": true,
    "ferrum_env": {
      "FERRUM_SCHED_TRACE": "1",
      "FERRUM_UNIFIED_POST_PROF": "1"
    },
    "runtime_config": {
      "entries": [
        {
          "key": "FERRUM_SCHED_TRACE",
          "effective_value": "1",
          "source": "env",
          "affects": [
            "performance",
            "diagnostics"
          ]
        },
        {
          "key": "FERRUM_UNIFIED_POST_PROF",
          "effective_value": "1",
          "source": "env",
          "affects": [
            "diagnostics"
          ]
        }
      ]
    }
  },
  "env_hash": "sha256:a2963a5b601b6d97330edfc2ae8d775a1837f26be0a8123f58e96006c3907159"
}