{
  "backend": "cuda",
  "completed_per_run": [
    128,
    128,
    128,
    128,
    128
  ],
  "concurrency": 4,
  "e2e_ms": {
    "p50": {
      "ci95_hw": 258.080672722324,
      "mean": 4599.845949799999,
      "stddev": 207.88397978602026
    },
    "p75": {
      "ci95_hw": 277.12515919560906,
      "mean": 4630.903824350001,
      "stddev": 223.22431348589078
    },
    "p95": {
      "ci95_hw": 284.3087501995291,
      "mean": 4689.963683669999,
      "stddev": 229.01069598132347
    },
    "p99": {
      "ci95_hw": 281.8085398676319,
      "mean": 4735.748205806,
      "stddev": 226.99677657924516
    }
  },
  "env": {
    "commit_sha": "",
    "cuda": "13.0",
    "driver": "580.159.04",
    "ferrum_env": {
      "FERRUM_GRAPH": "1",
      "FERRUM_GRAPH_SKIP_UPLOAD": "1",
      "FERRUM_GREEDY_ARGMAX": "1",
      "FERRUM_KV_MAX_BLOCKS": "2048",
      "FERRUM_MOE_DEVICE_ROUTE": "1",
      "FERRUM_MOE_STREAMS": "4",
      "FERRUM_PAGED_MAX_SEQS": "32"
    },
    "ferrum_features": [
      "cuda",
      "vllm-moe-marlin",
      "vllm-paged-attn-v2"
    ],
    "gpu_clock_lock_mhz": 2790,
    "gpu_persistence_mode": true,
    "gpu_power_limit_w": 300,
    "hw_id": "rtx-4090",
    "rust": "unknown"
  },
  "env_hash": "sha256:8e30b71cb8831a1946d66a616614436fad5d7b45f9d8c5426dcd785a46a056e6",
  "errored_per_run": [
    0,
    0,
    0,
    0,
    0
  ],
  "goodput_rps": {
    "ci95_hw": 0.034340079648575675,
    "mean": 0.8778432633507937,
    "stddev": 0.02766093387859233
  },
  "itl_ms": {
    "p50": {
      "ci95_hw": 1.7607517006715536,
      "mean": 34.890368200000005,
      "stddev": 1.4182854806195808
    },
    "p75": {
      "ci95_hw": 2.1922939674242587,
      "mean": 35.3968689,
      "stddev": 1.7658927729911214
    },
    "p95": {
      "ci95_hw": 3.065339528602844,
      "mean": 37.08268865,
      "stddev": 2.469130965444208
    },
    "p99": {
      "ci95_hw": 1.7243507290199505,
      "mean": 59.572116992000005,
      "stddev": 1.388964498249254
    }
  },
  "model": "Qwen/Qwen3-30B-A3B-GPTQ-Int4",
  "n_gen": 128,
  "n_prompt": 256,
  "n_repeats": 5,
  "n_requests_per_run": 128,
  "output_throughput_tps": {
    "ci95_hw": 4.768264780577778,
    "mean": 112.37113815306853,
    "stddev": 3.8408372421073604
  },
  "request_throughput_rps": {
    "ci95_hw": 0.034340079648575675,
    "mean": 0.8778432633507937,
    "stddev": 0.02766093387859233
  },
  "scenario": "closed_loop",
  "slo": {
    "e2e_p99_ms": null,
    "tpot_p99_ms": null,
    "ttft_p99_ms": null
  },
  "total_throughput_tps": {
    "ci95_hw": 13.533424442574075,
    "mean": 337.09901357087176,
    "stddev": 10.901173278801453
  },
  "tpot_ms": {
    "p50": {
      "ci95_hw": 2.0484634507734203,
      "mean": 34.977550560937495,
      "stddev": 1.6500372929946552
    },
    "p75": {
      "ci95_hw": 2.221794269285498,
      "mean": 35.232636685156244,
      "stddev": 1.7896552659012415
    },
    "p95": {
      "ci95_hw": 2.250922049517972,
      "mean": 35.768654015545096,
      "stddev": 1.8131176926424113
    },
    "p99": {
      "ci95_hw": 2.5903333617292574,
      "mean": 36.404388528549994,
      "stddev": 2.086513501877584
    }
  },
  "ttft_ms": {
    "p50": {
      "ci95_hw": 15.315263397793363,
      "mean": 121.46321479999999,
      "stddev": 12.336444542788318
    },
    "p75": {
      "ci95_hw": 25.77837240588865,
      "mean": 140.87008805,
      "stddev": 20.76447876400282
    },
    "p95": {
      "ci95_hw": 11.609679058876017,
      "mean": 182.93776115999998,
      "stddev": 9.35159638782513
    },
    "p99": {
      "ci95_hw": 9.710211335427722,
      "mean": 188.958413144,
      "stddev": 7.821575151983215
    }
  },
  "warmup_requests": 10
}