{
  "backend": "cuda",
  "completed_per_run": [
    128,
    128,
    128,
    128,
    128
  ],
  "concurrency": 16,
  "e2e_ms": {
    "p50": {
      "ci95_hw": 16.223247771337807,
      "mean": 1721.2946138,
      "stddev": 13.067825948318914
    },
    "p75": {
      "ci95_hw": 18.9007909642499,
      "mean": 1748.7935843,
      "stddev": 15.224586968507412
    },
    "p95": {
      "ci95_hw": 25.54711762405301,
      "mean": 1776.1447385200001,
      "stddev": 20.57820303910859
    },
    "p99": {
      "ci95_hw": 19.08631491242648,
      "mean": 1823.1073217400003,
      "stddev": 15.374026507259929
    }
  },
  "env": {
    "commit_sha": "20ab798",
    "cuda": "13.0",
    "driver": "580.95.05",
    "ferrum_env": {},
    "ferrum_features": [
      "cuda",
      "vllm-moe-marlin",
      "vllm-paged-attn-v2"
    ],
    "gpu_clock_lock_mhz": 2685,
    "gpu_persistence_mode": true,
    "gpu_power_limit_w": 450,
    "hw_id": "rtx-4090",
    "rust": "unknown"
  },
  "env_hash": "sha256:9fedccc21dde6e086698c729f9e83971d2df0da7a73f901474f9fba8f5dc0f79",
  "errored_per_run": [
    0,
    0,
    0,
    0,
    0
  ],
  "goodput_rps": {
    "ci95_hw": 0.059970503161533004,
    "mean": 9.319664882147263,
    "stddev": 0.04830623981053814
  },
  "itl_ms": {
    "p50": {
      "ci95_hw": 0.0304939723001374,
      "mean": 11.3262029,
      "stddev": 0.02456289444059901
    },
    "p75": {
      "ci95_hw": 0.05993572604028572,
      "mean": 11.799710999999999,
      "stddev": 0.048278226839655325
    },
    "p95": {
      "ci95_hw": 6.106895210535373,
      "mean": 14.816733709999998,
      "stddev": 4.919104042588251
    },
    "p99": {
      "ci95_hw": 0.3147813592747899,
      "mean": 58.48185975,
      "stddev": 0.25355638234445754
    }
  },
  "model": "Qwen/Qwen3-30B-A3B-GPTQ-Int4",
  "n_gen": 128,
  "n_prompt": 256,
  "n_repeats": 5,
  "n_requests_per_run": 128,
  "output_throughput_tps": {
    "ci95_hw": 12.267814460081173,
    "mean": 1185.1321017141572,
    "stddev": 9.881724448161522
  },
  "request_throughput_rps": {
    "ci95_hw": 0.059970503161533004,
    "mean": 9.319664882147263,
    "stddev": 0.04830623981053814
  },
  "scenario": "closed_loop",
  "slo": {
    "e2e_p99_ms": null,
    "tpot_p99_ms": null,
    "ttft_p99_ms": null
  },
  "total_throughput_tps": {
    "ci95_hw": 25.913783621893234,
    "mean": 3570.966311543857,
    "stddev": 20.873552497396968
  },
  "tpot_ms": {
    "p50": {
      "ci95_hw": 0.23016735815649986,
      "mean": 12.423687069169674,
      "stddev": 0.18539980512949367
    },
    "p75": {
      "ci95_hw": 0.2091502256103968,
      "mean": 12.790213898191714,
      "stddev": 0.16847050503395705
    },
    "p95": {
      "ci95_hw": 0.20799881043801388,
      "mean": 13.285730240230953,
      "stddev": 0.16754304012193513
    },
    "p99": {
      "ci95_hw": 0.32053073541307014,
      "mean": 13.671456228745702,
      "stddev": 0.2581875047772421
    }
  },
  "ttft_ms": {
    "p50": {
      "ci95_hw": 14.040754394917034,
      "mean": 142.89210549999999,
      "stddev": 11.309827551301664
    },
    "p75": {
      "ci95_hw": 8.17512100174882,
      "mean": 163.52184254999997,
      "stddev": 6.5850599006471695
    },
    "p95": {
      "ci95_hw": 21.95153037317243,
      "mean": 223.22674373,
      "stddev": 17.68195753766747
    },
    "p99": {
      "ci95_hw": 26.83460572717377,
      "mean": 320.427497776,
      "stddev": 21.615274695736936
    }
  },
  "warmup_requests": 10
}