{
  "backend": "cuda",
  "completed_per_run": [
    128,
    128,
    128,
    128,
    128
  ],
  "concurrency": 1,
  "e2e_ms": {
    "p50": {
      "ci95_hw": 0.38001625301763436,
      "mean": 797.9545592000001,
      "stddev": 0.30610308872557285
    },
    "p75": {
      "ci95_hw": 0.5561305886795713,
      "mean": 799.4301293000001,
      "stddev": 0.4479631846738101
    },
    "p95": {
      "ci95_hw": 0.888533767610985,
      "mean": 802.01306765,
      "stddev": 0.7157139426088486
    },
    "p99": {
      "ci95_hw": 1.4373135397680148,
      "mean": 803.517254144,
      "stddev": 1.1577560446333317
    }
  },
  "env": {
    "commit_sha": "20ab798",
    "cuda": "13.0",
    "driver": "580.95.05",
    "ferrum_env": {},
    "ferrum_features": [
      "cuda",
      "vllm-moe-marlin",
      "vllm-paged-attn-v2"
    ],
    "gpu_clock_lock_mhz": 2685,
    "gpu_persistence_mode": true,
    "gpu_power_limit_w": 450,
    "hw_id": "rtx-4090",
    "rust": "unknown"
  },
  "env_hash": "sha256:9fedccc21dde6e086698c729f9e83971d2df0da7a73f901474f9fba8f5dc0f79",
  "errored_per_run": [
    0,
    0,
    0,
    0,
    0
  ],
  "goodput_rps": {
    "ci95_hw": 0.006580570360093092,
    "mean": 1.2635801468154688,
    "stddev": 0.005300649371717731
  },
  "itl_ms": {
    "p50": {
      "ci95_hw": 0.004384830393586714,
      "mean": 5.901294200000001,
      "stddev": 0.003531980846493894
    },
    "p75": {
      "ci95_hw": 0.007020932557303204,
      "mean": 5.9227384999999995,
      "stddev": 0.005655361118001225
    },
    "p95": {
      "ci95_hw": 0.006068095529092894,
      "mean": 6.006422819999999,
      "stddev": 0.004887850899500817
    },
    "p99": {
      "ci95_hw": 0.008347162846339485,
      "mean": 6.044928052,
      "stddev": 0.006723639605070504
    }
  },
  "model": "Qwen/Qwen3-30B-A3B-GPTQ-Int4",
  "n_gen": 128,
  "n_prompt": 256,
  "n_repeats": 5,
  "n_requests_per_run": 128,
  "output_throughput_tps": {
    "ci95_hw": 0.21348243148033189,
    "mean": 160.41862710101123,
    "stddev": 0.17196009682707608
  },
  "request_throughput_rps": {
    "ci95_hw": 0.006580570360093092,
    "mean": 1.2635801468154688,
    "stddev": 0.005300649371717731
  },
  "scenario": "closed_loop",
  "slo": {
    "e2e_p99_ms": null,
    "tpot_p99_ms": null,
    "ttft_p99_ms": null
  },
  "total_throughput_tps": {
    "ci95_hw": 1.510917078420198,
    "mean": 483.89514468577124,
    "stddev": 1.2170436944210892
  },
  "tpot_ms": {
    "p50": {
      "ci95_hw": 0.002670164464956558,
      "mean": 5.859601403906249,
      "stddev": 0.0021508174548801225
    },
    "p75": {
      "ci95_hw": 0.011121991028847882,
      "mean": 5.894310533289247,
      "stddev": 0.008958763683590306
    },
    "p95": {
      "ci95_hw": 0.04159667519558876,
      "mean": 6.075510275430848,
      "stddev": 0.033506121532894756
    },
    "p99": {
      "ci95_hw": 0.06448520371452245,
      "mean": 6.185785816261945,
      "stddev": 0.05194283106937829
    }
  },
  "ttft_ms": {
    "p50": {
      "ci95_hw": 0.5159668976186609,
      "mean": 48.7549863,
      "stddev": 0.41561133184978394
    },
    "p75": {
      "ci95_hw": 0.487267231338937,
      "mean": 49.585905499999996,
      "stddev": 0.3924937508940847
    },
    "p95": {
      "ci95_hw": 0.8919432410634867,
      "mean": 51.106141429999994,
      "stddev": 0.718460273447204
    },
    "p99": {
      "ci95_hw": 0.9517710222637433,
      "mean": 51.905115613999996,
      "stddev": 0.7666515507190907
    }
  },
  "warmup_requests": 10
}