{
  "backend": "cuda",
  "completed_per_run": [
    128,
    128,
    128,
    128,
    128
  ],
  "concurrency": 32,
  "e2e_ms": {
    "p50": {
      "ci95_hw": 23.477464876029448,
      "mean": 2456.4265798,
      "stddev": 18.911097767350693
    },
    "p75": {
      "ci95_hw": 18.45175896167499,
      "mean": 2519.7140312,
      "stddev": 14.862891694072845
    },
    "p95": {
      "ci95_hw": 67.30934252293773,
      "mean": 2825.8430817499993,
      "stddev": 54.21767485666641
    },
    "p99": {
      "ci95_hw": 59.50255208862816,
      "mean": 2923.9705028079998,
      "stddev": 47.92930522510615
    }
  },
  "env": {
    "commit_sha": "20ab798",
    "cuda": "13.0",
    "driver": "580.95.05",
    "ferrum_env": {},
    "ferrum_features": [
      "cuda",
      "vllm-moe-marlin",
      "vllm-paged-attn-v2"
    ],
    "gpu_clock_lock_mhz": 2685,
    "gpu_persistence_mode": true,
    "gpu_power_limit_w": 450,
    "hw_id": "rtx-4090",
    "rust": "unknown"
  },
  "env_hash": "sha256:9fedccc21dde6e086698c729f9e83971d2df0da7a73f901474f9fba8f5dc0f79",
  "errored_per_run": [
    0,
    0,
    0,
    0,
    0
  ],
  "goodput_rps": {
    "ci95_hw": 0.07530071192237157,
    "mean": 12.91217986283912,
    "stddev": 0.06065472284313823
  },
  "itl_ms": {
    "p50": {
      "ci95_hw": 0.2118890465377449,
      "mean": 15.125161,
      "stddev": 0.1706766252687371
    },
    "p75": {
      "ci95_hw": 0.2201325337623906,
      "mean": 15.7235817,
      "stddev": 0.17731675416137355
    },
    "p95": {
      "ci95_hw": 0.4810301958846879,
      "mean": 47.70065792999999,
      "stddev": 0.3874698188862398
    },
    "p99": {
      "ci95_hw": 0.1904957940117473,
      "mean": 64.15137557,
      "stddev": 0.15344436053244395
    }
  },
  "model": "Qwen/Qwen3-30B-A3B-GPTQ-Int4",
  "n_gen": 128,
  "n_prompt": 256,
  "n_repeats": 5,
  "n_requests_per_run": 128,
  "output_throughput_tps": {
    "ci95_hw": 4.75400850462988,
    "mean": 1641.8662374191013,
    "stddev": 3.8293538119468793
  },
  "request_throughput_rps": {
    "ci95_hw": 0.07530071192237157,
    "mean": 12.91217986283912,
    "stddev": 0.06065472284313823
  },
  "scenario": "closed_loop",
  "slo": {
    "e2e_p99_ms": null,
    "tpot_p99_ms": null,
    "ttft_p99_ms": null
  },
  "total_throughput_tps": {
    "ci95_hw": 23.013670949546466,
    "mean": 4947.384282305915,
    "stddev": 18.537511763327824
  },
  "tpot_ms": {
    "p50": {
      "ci95_hw": 0.09704399117651545,
      "mean": 17.89062083452879,
      "stddev": 0.07816893410611613
    },
    "p75": {
      "ci95_hw": 0.08750875010800374,
      "mean": 18.350287250706536,
      "stddev": 0.07048829750271558
    },
    "p95": {
      "ci95_hw": 0.14477792782335658,
      "mean": 18.95201770696753,
      "stddev": 0.11661861968825053
    },
    "p99": {
      "ci95_hw": 0.6714769235589527,
      "mean": 19.59989455776458,
      "stddev": 0.5408746564842394
    }
  },
  "ttft_ms": {
    "p50": {
      "ci95_hw": 16.73616818219482,
      "mean": 180.044219,
      "stddev": 13.480983335106881
    },
    "p75": {
      "ci95_hw": 13.032916629030385,
      "mean": 192.53108844999997,
      "stddev": 10.498014239048759
    },
    "p95": {
      "ci95_hw": 45.789253367424145,
      "mean": 563.9105936899997,
      "stddev": 36.88324321632621
    },
    "p99": {
      "ci95_hw": 62.28172443744117,
      "mean": 660.9341833780001,
      "stddev": 50.16792852954911
    }
  },
  "warmup_requests": 10
}