{
  "backend": "cuda",
  "completed_per_run": [
    128,
    128,
    128,
    128,
    128
  ],
  "concurrency": 4,
  "e2e_ms": {
    "p50": {
      "ci95_hw": 21.329584935447823,
      "mean": 1131.6853913999998,
      "stddev": 17.180980492621327
    },
    "p75": {
      "ci95_hw": 13.304734602566487,
      "mean": 1156.1761451999998,
      "stddev": 10.716963614528932
    },
    "p95": {
      "ci95_hw": 15.984934924159882,
      "mean": 1179.6065655900002,
      "stddev": 12.875864951848685
    },
    "p99": {
      "ci95_hw": 159.4612130739219,
      "mean": 1303.637998028,
      "stddev": 128.44600583856902
    }
  },
  "env": {
    "commit_sha": "20ab798",
    "cuda": "13.0",
    "driver": "580.95.05",
    "ferrum_env": {},
    "ferrum_features": [
      "cuda",
      "vllm-moe-marlin",
      "vllm-paged-attn-v2"
    ],
    "gpu_clock_lock_mhz": 2685,
    "gpu_persistence_mode": true,
    "gpu_power_limit_w": 450,
    "hw_id": "rtx-4090",
    "rust": "unknown"
  },
  "env_hash": "sha256:9fedccc21dde6e086698c729f9e83971d2df0da7a73f901474f9fba8f5dc0f79",
  "errored_per_run": [
    0,
    0,
    0,
    0,
    0
  ],
  "goodput_rps": {
    "ci95_hw": 0.030355366834349147,
    "mean": 3.555193584256556,
    "stddev": 0.024451247739030006
  },
  "itl_ms": {
    "p50": {
      "ci95_hw": 0.04979079997026942,
      "mean": 7.7270343,
      "stddev": 0.040106488972484484
    },
    "p75": {
      "ci95_hw": 0.059529999949469226,
      "mean": 7.96565195,
      "stddev": 0.04795141447679115
    },
    "p95": {
      "ci95_hw": 3.835103563799438,
      "mean": 15.321405949999999,
      "stddev": 3.089175889555924
    },
    "p99": {
      "ci95_hw": 0.13276027742284335,
      "mean": 26.791835778,
      "stddev": 0.10693840238804335
    }
  },
  "model": "Qwen/Qwen3-30B-A3B-GPTQ-Int4",
  "n_gen": 128,
  "n_prompt": 256,
  "n_repeats": 5,
  "n_requests_per_run": 128,
  "output_throughput_tps": {
    "ci95_hw": 6.971852702560416,
    "mean": 446.3150102636785,
    "stddev": 5.615827295403716
  },
  "request_throughput_rps": {
    "ci95_hw": 0.030355366834349147,
    "mean": 3.555193584256556,
    "stddev": 0.024451247739030006
  },
  "scenario": "closed_loop",
  "slo": {
    "e2e_p99_ms": null,
    "tpot_p99_ms": null,
    "ttft_p99_ms": null
  },
  "total_throughput_tps": {
    "ci95_hw": 12.880971680815298,
    "mean": 1356.444567833357,
    "stddev": 10.37562258449306
  },
  "tpot_ms": {
    "p50": {
      "ci95_hw": 0.17902216618789743,
      "mean": 8.404515480868602,
      "stddev": 0.14420235341332965
    },
    "p75": {
      "ci95_hw": 0.11390352989869039,
      "mean": 8.608019730379553,
      "stddev": 0.09174929241017704
    },
    "p95": {
      "ci95_hw": 0.13998521912475498,
      "mean": 8.918699301043612,
      "stddev": 0.11275809287037311
    },
    "p99": {
      "ci95_hw": 1.1840090338060152,
      "mean": 9.973973710387586,
      "stddev": 0.9537192671340408
    }
  },
  "ttft_ms": {
    "p50": {
      "ci95_hw": 0.4145638199802594,
      "mean": 62.652717900000006,
      "stddev": 0.33393115363395015
    },
    "p75": {
      "ci95_hw": 7.630039675762271,
      "mean": 67.2373552,
      "stddev": 6.145996896983031
    },
    "p95": {
      "ci95_hw": 4.882559806464953,
      "mean": 73.61006635999999,
      "stddev": 3.9329018845330883
    },
    "p99": {
      "ci95_hw": 11.473562687940953,
      "mean": 79.61897289600002,
      "stddev": 9.241954652140196
    }
  },
  "warmup_requests": 10
}