{
  "model": "Qwen/Qwen3.5-35B-A3B-GPTQ-Int4",
  "backend": "cuda",
  "scenario": "closed_loop",
  "concurrency": 32,
  "n_prompt": 256,
  "n_gen": 128,
  "actual_input_tokens": {
    "requested": 256,
    "min": 115,
    "max": 115,
    "mean": 115.0
  },
  "actual_input_tokens_per_request": [
    [
      115,
      115,
      115,
      115,
      115,
      115,
      115,
      115,
      115,
      115,
      115,
      115,
      115,
      115,
      115,
      115,
      115,
      115,
      115,
      115,
      115,
      115,
      115,
      115,
      115,
      115,
      115,
      115,
      115,
      115,
      115,
      115
    ]
  ],
  "output_tokens_per_request": [
    [
      128,
      128,
      128,
      128,
      128,
      128,
      128,
      128,
      128,
      128,
      128,
      128,
      128,
      128,
      128,
      128,
      128,
      128,
      128,
      128,
      128,
      128,
      128,
      128,
      128,
      128,
      128,
      128,
      128,
      128,
      128,
      128
    ]
  ],
  "output_token_count_source": "usage",
  "n_repeats": 1,
  "n_requests_per_run": 32,
  "warmup_requests": 4,
  "ttft_ms": {
    "p50": {
      "mean": 2166.5358205
    },
    "p75": {
      "mean": 2246.5221407500003
    },
    "p95": {
      "mean": 2247.5537305
    },
    "p99": {
      "mean": 2247.73901298
    }
  },
  "tpot_ms": {
    "p50": {
      "mean": 31.617622208661416
    },
    "p75": {
      "mean": 49.32135437795275
    },
    "p95": {
      "mean": 53.33129615944881
    },
    "p99": {
      "mean": 53.34370635047243
    }
  },
  "itl_ms": {
    "p50": {
      "mean": 19.7622255
    },
    "p75": {
      "mean": 20.5449205
    },
    "p95": {
      "mean": 56.7213975
    },
    "p99": {
      "mean": 89.67446598999999
    }
  },
  "e2e_ms": {
    "p50": {
      "mean": 6203.5004389999995
    },
    "p75": {
      "mean": 8491.279596499999
    },
    "p95": {
      "mean": 8939.645061899999
    },
    "p99": {
      "mean": 8941.16196669
    }
  },
  "output_throughput_tps": {
    "mean": 458.0662677685816
  },
  "total_throughput_tps": {
    "mean": 869.6101802169167
  },
  "request_throughput_rps": {
    "mean": 3.578642716942044
  },
  "goodput_rps": {
    "mean": 3.578642716942044
  },
  "slo": {
    "ttft_p99_ms": null,
    "tpot_p99_ms": null,
    "e2e_p99_ms": null
  },
  "completed_per_run": [
    32
  ],
  "errored_per_run": [
    0
  ],
  "bad_output_per_run": [
    0
  ],
  "malformed_stream_per_run": [
    0
  ],
  "missing_done_per_run": [
    0
  ],
  "duplicate_done_per_run": [
    0
  ],
  "zero_output_tokens_per_run": [
    0
  ],
  "stream_bulk_flush_per_run": [
    0
  ],
  "http_500_per_run": [
    0
  ],
  "panic_per_run": [
    0
  ],
  "quality_issues_per_run": [
    {
      "bad_output": 0,
      "malformed_stream": 0,
      "missing_done": 0,
      "duplicate_done": 0,
      "zero_output_tokens": 0,
      "stream_bulk_flush": 0,
      "http_500": 0,
      "panic": 0
    }
  ],
  "env": {
    "commit_sha": "7476295d",
    "hw_id": "rtx-4090",
    "driver": "550.90.07",
    "cuda": "12.4",
    "rust": "1.96.0",
    "ferrum_features": [
      "cuda",
      "vllm-moe-marlin",
      "vllm-paged-attn-v2"
    ],
    "gpu_clock_lock_mhz": 2745,
    "gpu_power_limit_w": 450,
    "gpu_persistence_mode": true,
    "ferrum_env": {
      "FERRUM_SCHED_TRACE": "1",
      "FERRUM_UNIFIED_PROF": "1"
    },
    "runtime_config": {
      "entries": [
        {
          "key": "FERRUM_SCHED_TRACE",
          "effective_value": "1",
          "source": "env",
          "affects": [
            "performance",
            "diagnostics"
          ]
        },
        {
          "key": "FERRUM_UNIFIED_PROF",
          "effective_value": "1",
          "source": "env",
          "affects": [
            "diagnostics"
          ]
        }
      ]
    }
  },
  "env_hash": "sha256:0c95602ca07d0968c770f8b1cfa446faf501f2427af440ef7bda4f92f2197a0c"
}