{
  "bench_rc": 0,
  "by_batch": {
    "10": {
      "attn_share_mean": 0.07369061715922924,
      "attn_us_mean": 2170.512195121951,
      "attn_us_p95": 2426,
      "count": 123,
      "marlin_kernel_share_mean": 0.5551106989171628,
      "marlin_kernel_us_mean": 16350.447154471545,
      "marlin_kernel_us_p95": 16371,
      "marlin_ws_zero_share_mean": 0.038878077998503964,
      "marlin_ws_zero_us_mean": 1145.1300813008131,
      "marlin_ws_zero_us_p95": 1225,
      "matmul_share_mean": 0.2659076041502778,
      "matmul_us_mean": 7832.1463414634145,
      "matmul_us_p95": 7888,
      "norm_share_mean": 0.015384403059435975,
      "norm_us_mean": 453.1382113821138,
      "norm_us_p95": 461,
      "other_share_mean": 0.04631606259091499,
      "other_us_mean": 1364.2113821138212,
      "other_us_p95": 1382,
      "qkr_share_mean": 0.02208154263585149,
      "qkr_us_mean": 650.3983739837398,
      "qkr_us_p95": 661,
      "tail_act_share_mean": 0.012745073684268636,
      "tail_act_us_mean": 375.3983739837398,
      "tail_act_us_p95": 380,
      "tail_down_share_mean": 0.17694878950230342,
      "tail_down_us_mean": 5211.918699186992,
      "tail_down_us_p95": 5238,
      "tail_gate_up_share_mean": 0.3184267256251225,
      "tail_gate_up_us_mean": 9379.065040650406,
      "tail_gate_up_us_p95": 9410,
      "tail_mlp_share_mean": 0.4953755151274259,
      "tail_mlp_us_mean": 14590.983739837398,
      "tail_mlp_us_p95": 14650,
      "tail_norm_share_mean": 0.027322938317199803,
      "tail_norm_us_mean": 804.780487804878,
      "tail_norm_us_p95": 810,
      "tail_resid_share_mean": 0.01907179075268639,
      "tail_resid_us_mean": 561.7479674796748,
      "tail_resid_us_p95": 567,
      "total_us_mean": 29454.39024390244,
      "total_us_p95": 29725,
      "unwrapped_share_mean": 0.02210445252270977,
      "unwrapped_us_mean": 651.0731707317074,
      "unwrapped_us_p95": 668
    },
    "12": {
      "attn_share_mean": 0.08444681098890128,
      "attn_us_mean": 2537.5,
      "attn_us_p95": 2529,
      "count": 2,
      "marlin_kernel_share_mean": 0.5464831855167479,
      "marlin_kernel_us_mean": 16421,
      "marlin_kernel_us_p95": 16420,
      "marlin_ws_zero_share_mean": 0.04088390435462669,
      "marlin_ws_zero_us_mean": 1228.5,
      "marlin_ws_zero_us_p95": 1218,
      "matmul_share_mean": 0.2631911742682663,
      "matmul_us_mean": 7908.5,
      "matmul_us_p95": 7903,
      "norm_share_mean": 0.014975789140888896,
      "norm_us_mean": 450,
      "norm_us_p95": 445,
      "other_share_mean": 0.04555967851972644,
      "other_us_mean": 1369,
      "other_us_p95": 1365,
      "qkr_share_mean": 0.021748173785713098,
      "qkr_us_mean": 653.5,
      "qkr_us_p95": 650,
      "tail_act_share_mean": 0.012629582175482969,
      "tail_act_us_mean": 379.5,
      "tail_act_us_p95": 379,
      "tail_down_share_mean": 0.17468426044561292,
      "tail_down_us_mean": 5249,
      "tail_down_us_p95": 5238,
      "tail_gate_up_share_mean": 0.3144582924272426,
      "tail_gate_up_us_mean": 9449,
      "tail_gate_up_us_p95": 9444,
      "tail_mlp_share_mean": 0.4891425528728556,
      "tail_mlp_us_mean": 14698,
      "tail_mlp_us_p95": 14682,
      "tail_norm_share_mean": 0.02675674326505483,
      "tail_norm_us_mean": 804,
      "tail_norm_us_p95": 802,
      "tail_resid_share_mean": 0.018669817128974826,
      "tail_resid_us_mean": 561,
      "tail_resid_us_p95": 560,
      "total_us_mean": 30048.5,
      "total_us_p95": 30037,
      "unwrapped_share_mean": 0.022879677854135815,
      "unwrapped_us_mean": 687.5,
      "unwrapped_us_p95": 686
    },
    "13": {
      "attn_share_mean": 0.0672126709083525,
      "attn_us_mean": 1986,
      "attn_us_p95": 1980,
      "count": 2,
      "marlin_kernel_share_mean": 0.556281304995262,
      "marlin_kernel_us_mean": 16437,
      "marlin_kernel_us_p95": 16436,
      "marlin_ws_zero_share_mean": 0.038801272505753354,
      "marlin_ws_zero_us_mean": 1146.5,
      "marlin_ws_zero_us_p95": 1137,
      "matmul_share_mean": 0.266633951536483,
      "matmul_us_mean": 7878.5,
      "matmul_us_p95": 7865,
      "norm_share_mean": 0.015195613916339515,
      "norm_us_mean": 449,
      "norm_us_p95": 448,
      "other_share_mean": 0.048548125084608096,
      "other_us_mean": 1434.5,
      "other_us_p95": 1431,
      "qkr_share_mean": 0.022218085826451874,
      "qkr_us_mean": 656.5,
      "qkr_us_p95": 656,
      "tail_act_share_mean": 0.013401922295925274,
      "tail_act_us_mean": 396,
      "tail_act_us_p95": 392,
      "tail_down_share_mean": 0.1774400974685258,
      "tail_down_us_mean": 5243,
      "tail_down_us_p95": 5238,
      "tail_gate_up_share_mean": 0.3201062677677,
      "tail_gate_up_us_mean": 9458.5,
      "tail_gate_up_us_p95": 9456,
      "tail_mlp_share_mean": 0.4975463652362258,
      "tail_mlp_us_mean": 14701.5,
      "tail_mlp_us_p95": 14694,
      "tail_norm_share_mean": 0.027396101258968457,
      "tail_norm_us_mean": 809.5,
      "tail_norm_us_p95": 806,
      "tail_resid_share_mean": 0.019155272776499255,
      "tail_resid_us_mean": 566,
      "tail_resid_us_p95": 563,
      "total_us_mean": 29548,
      "total_us_p95": 29515,
      "unwrapped_share_mean": 0.022691891160146204,
      "unwrapped_us_mean": 670.5,
      "unwrapped_us_p95": 664
    },
    "16": {
      "attn_share_mean": 0.08011953555946658,
      "attn_us_mean": 2414.2881355932204,
      "attn_us_p95": 2707,
      "count": 118,
      "marlin_kernel_share_mean": 0.5492068929247795,
      "marlin_kernel_us_mean": 16549.56779661017,
      "marlin_kernel_us_p95": 16580,
      "marlin_ws_zero_share_mean": 0.03920059891522548,
      "marlin_ws_zero_us_mean": 1181.2542372881355,
      "marlin_ws_zero_us_p95": 1284,
      "matmul_share_mean": 0.2633497405056919,
      "matmul_us_mean": 7935.669491525424,
      "matmul_us_p95": 8041,
      "norm_share_mean": 0.01494475727003101,
      "norm_us_mean": 450.33898305084745,
      "norm_us_p95": 457,
      "other_share_mean": 0.04585036906294628,
      "other_us_mean": 1381.635593220339,
      "other_us_p95": 1425,
      "qkr_share_mean": 0.02188644796811485,
      "qkr_us_mean": 659.5169491525423,
      "qkr_us_p95": 672,
      "tail_act_share_mean": 0.014413225632086737,
      "tail_act_us_mean": 434.3220338983051,
      "tail_act_us_p95": 440,
      "tail_down_share_mean": 0.175843883814496,
      "tail_down_us_mean": 5298.8050847457625,
      "tail_down_us_p95": 5342,
      "tail_gate_up_share_mean": 0.31612436377912806,
      "tail_gate_up_us_mean": 9525.957627118643,
      "tail_gate_up_us_p95": 9570,
      "tail_mlp_share_mean": 0.4919682475936241,
      "tail_mlp_us_mean": 14824.762711864407,
      "tail_mlp_us_p95": 14906,
      "tail_norm_share_mean": 0.026742509763026882,
      "tail_norm_us_mean": 805.8474576271186,
      "tail_norm_us_p95": 815,
      "tail_resid_share_mean": 0.01884799938803553,
      "tail_resid_us_mean": 567.957627118644,
      "tail_resid_us_p95": 575,
      "total_us_mean": 30133.57627118644,
      "total_us_p95": 30499,
      "unwrapped_share_mean": 0.02187716725697614,
      "unwrapped_us_mean": 659.2372881355932,
      "unwrapped_us_p95": 676
    },
    "3": {
      "attn_share_mean": 0.07767828368859629,
      "attn_us_mean": 2249.6666666666665,
      "attn_us_p95": 2254,
      "count": 3,
      "marlin_kernel_share_mean": 0.5523341466783298,
      "marlin_kernel_us_mean": 15996.333333333334,
      "marlin_kernel_us_p95": 15996,
      "marlin_ws_zero_share_mean": 0.04039869250955297,
      "marlin_ws_zero_us_mean": 1170,
      "marlin_ws_zero_us_p95": 1137,
      "matmul_share_mean": 0.266700428157083,
      "matmul_us_mean": 7724,
      "matmul_us_p95": 7691,
      "norm_share_mean": 0.015560977855531514,
      "norm_us_mean": 450.6666666666667,
      "norm_us_p95": 448,
      "other_share_mean": 0.045462916072004055,
      "other_us_mean": 1316.6666666666667,
      "other_us_p95": 1318,
      "qkr_share_mean": 0.021672574927489526,