{
  "model": "Qwen/Qwen3.5-35B-A3B-GPTQ-Int4",
  "backend": "cuda",
  "scenario": "closed_loop",
  "concurrency": 32,
  "n_prompt": 256,
  "n_gen": 128,
  "actual_input_tokens": {
    "requested": 256,
    "min": 115,
    "max": 115,
    "mean": 115.0
  },
  "actual_input_tokens_per_request": [
    [
      115,
      115,
      115,
      115,
      115,
      115,
      115,
      115,
      115,
      115,
      115,
      115,
      115,
      115,
      115,
      115,
      115,
      115,
      115,
      115,
      115,
      115,
      115,
      115,
      115,
      115,
      115,
      115,
      115,
      115,
      115,
      115
    ]
  ],
  "output_tokens_per_request": [
    [
      128,
      128,
      128,
      128,
      128,
      128,
      128,
      128,
      128,
      128,
      128,
      128,
      128,
      128,
      128,
      128,
      128,
      128,
      128,
      128,
      128,
      128,
      128,
      128,
      128,
      128,
      128,
      128,
      128,
      128,
      128,
      128
    ]
  ],
  "output_token_count_source": "usage",
  "n_repeats": 1,
  "n_requests_per_run": 32,
  "warmup_requests": 4,
  "ttft_ms": {
    "p50": {
      "mean": 2043.9720189999998
    },
    "p75": {
      "mean": 2044.0746712499997
    },
    "p95": {
      "mean": 2166.5406644000004
    },
    "p99": {
      "mean": 2166.7908135899997
    }
  },
  "tpot_ms": {
    "p50": {
      "mean": 107.65275525590552
    },
    "p75": {
      "mean": 152.57470892125983
    },
    "p95": {
      "mean": 153.68932639173227
    },
    "p99": {
      "mean": 153.7008526244882
    }
  },
  "itl_ms": {
    "p50": {
      "mean": 52.05092
    },
    "p75": {
      "mean": 78.12291400000001
    },
    "p95": {
      "mean": 135.170654
    },
    "p99": {
      "mean": 195.68783260000032
    }
  },
  "e2e_ms": {
    "p50": {
      "mean": 15776.997996000002
    },
    "p75": {
      "mean": 21537.0020715
    },
    "p95": {
      "mean": 21562.5037335
    },
    "p99": {
      "mean": 21563.92732958
    }
  },
  "output_throughput_tps": {
    "mean": 189.94106265021497
  },
  "total_throughput_tps": {
    "mean": 360.5912361250175
  },
  "request_throughput_rps": {
    "mean": 1.4839145519548045
  },
  "goodput_rps": {
    "mean": 1.4839145519548045
  },
  "slo": {
    "ttft_p99_ms": null,
    "tpot_p99_ms": null,
    "e2e_p99_ms": null
  },
  "completed_per_run": [
    32
  ],
  "errored_per_run": [
    0
  ],
  "bad_output_per_run": [
    0
  ],
  "malformed_stream_per_run": [
    0
  ],
  "missing_done_per_run": [
    0
  ],
  "duplicate_done_per_run": [
    0
  ],
  "zero_output_tokens_per_run": [
    0
  ],
  "stream_bulk_flush_per_run": [
    0
  ],
  "http_500_per_run": [
    0
  ],
  "panic_per_run": [
    0
  ],
  "quality_issues_per_run": [
    {
      "bad_output": 0,
      "malformed_stream": 0,
      "missing_done": 0,
      "duplicate_done": 0,
      "zero_output_tokens": 0,
      "stream_bulk_flush": 0,
      "http_500": 0,
      "panic": 0
    }
  ],
  "env": {
    "commit_sha": "38230397",
    "hw_id": "rtx-4090",
    "driver": "570.153.02",
    "cuda": "12.4",
    "rust": "1.96.0",
    "ferrum_features": [
      "cuda",
      "vllm-moe-marlin",
      "vllm-paged-attn-v2"
    ],
    "gpu_clock_lock_mhz": 2655,
    "gpu_power_limit_w": 450,
    "gpu_persistence_mode": true,
    "ferrum_env": {
      "FERRUM_SCHED_TRACE": "1",
      "FERRUM_UNIFIED_PROF": "1"
    },
    "runtime_config": {
      "entries": [
        {
          "key": "FERRUM_SCHED_TRACE",
          "effective_value": "1",
          "source": "env",
          "affects": [
            "performance",
            "diagnostics"
          ]
        },
        {
          "key": "FERRUM_UNIFIED_PROF",
          "effective_value": "1",
          "source": "env",
          "affects": [
            "diagnostics"
          ]
        }
      ]
    }
  },
  "env_hash": "sha256:5b76f734ca0e61183aa3e8d86b3973c043969f95b9a120a829fb9619f8f1eabf"
}