{
  "model": "Qwen/Qwen3.5-35B-A3B-GPTQ-Int4",
  "backend": "cuda",
  "scenario": "closed_loop",
  "concurrency": 32,
  "n_prompt": 256,
  "n_gen": 128,
  "actual_input_tokens": {
    "requested": 256,
    "min": 115,
    "max": 115,
    "mean": 115.0
  },
  "actual_input_tokens_per_request": [
    [
      115,
      115,
      115,
      115,
      115,
      115,
      115,
      115,
      115,
      115,
      115,
      115,
      115,
      115,
      115,
      115,
      115,
      115,
      115,
      115,
      115,
      115,
      115,
      115,
      115,
      115,
      115,
      115,
      115,
      115,
      115,
      115
    ]
  ],
  "output_tokens_per_request": [
    [
      128,
      128,
      128,
      128,
      128,
      128,
      128,
      128,
      128,
      128,
      128,
      128,
      128,
      128,
      128,
      128,
      128,
      128,
      128,
      128,
      128,
      128,
      128,
      128,
      128,
      128,
      128,
      128,
      128,
      128,
      128,
      128
    ]
  ],
  "output_token_count_source": "usage",
  "n_repeats": 1,
  "n_requests_per_run": 32,
  "warmup_requests": 4,
  "ttft_ms": {
    "p50": {
      "mean": 2047.6692444999999
    },
    "p75": {
      "mean": 2090.8663420000003
    },
    "p95": {
      "mean": 2125.4869937999997
    },
    "p99": {
      "mean": 2132.40459401
    }
  },
  "tpot_ms": {
    "p50": {
      "mean": 30.96562691338583
    },
    "p75": {
      "mean": 47.925792283464574
    },
    "p95": {
      "mean": 51.659492590157484
    },
    "p99": {
      "mean": 51.71436574771653
    }
  },
  "itl_ms": {
    "p50": {
      "mean": 19.199529499999997
    },
    "p75": {
      "mean": 19.801008250000002
    },
    "p95": {
      "mean": 48.8878773
    },
    "p99": {
      "mean": 128.98749767999928
    }
  },
  "e2e_ms": {
    "p50": {
      "mean": 5912.7476695000005
    },
    "p75": {
      "mean": 8164.915177750001
    },
    "p95": {
      "mean": 8597.653929249998
    },
    "p99": {
      "mean": 8598.70623199
    }
  },
  "output_throughput_tps": {
    "mean": 476.3106550900651
  },
  "total_throughput_tps": {
    "mean": 904.2460092725454
  },
  "request_throughput_rps": {
    "mean": 3.7211769928911336
  },
  "goodput_rps": {
    "mean": 3.7211769928911336
  },
  "slo": {
    "ttft_p99_ms": null,
    "tpot_p99_ms": null,
    "e2e_p99_ms": null
  },
  "completed_per_run": [
    32
  ],
  "errored_per_run": [
    0
  ],
  "bad_output_per_run": [
    0
  ],
  "malformed_stream_per_run": [
    0
  ],
  "missing_done_per_run": [
    0
  ],
  "duplicate_done_per_run": [
    0
  ],
  "zero_output_tokens_per_run": [
    0
  ],
  "stream_bulk_flush_per_run": [
    0
  ],
  "http_500_per_run": [
    0
  ],
  "panic_per_run": [
    0
  ],
  "quality_issues_per_run": [
    {
      "bad_output": 0,
      "malformed_stream": 0,
      "missing_done": 0,
      "duplicate_done": 0,
      "zero_output_tokens": 0,
      "stream_bulk_flush": 0,
      "http_500": 0,
      "panic": 0
    }
  ],
  "env": {
    "commit_sha": "f1bc7b7e",
    "hw_id": "rtx-4090",
    "driver": "570.153.02",
    "cuda": "12.4",
    "rust": "1.96.0",
    "ferrum_features": [
      "cuda",
      "vllm-moe-marlin",
      "vllm-paged-attn-v2"
    ],
    "gpu_clock_lock_mhz": 2655,
    "gpu_power_limit_w": 450,
    "gpu_persistence_mode": true,
    "ferrum_env": {
      "FERRUM_SCHED_TRACE": "1",
      "FERRUM_UNIFIED_POST_PROF": "1"
    },
    "runtime_config": {
      "entries": [
        {
          "key": "FERRUM_SCHED_TRACE",
          "effective_value": "1",
          "source": "env",
          "affects": [
            "performance",
            "diagnostics"
          ]
        },
        {
          "key": "FERRUM_UNIFIED_POST_PROF",
          "effective_value": "1",
          "source": "env",
          "affects": [
            "diagnostics"
          ]
        }
      ]
    }
  },
  "env_hash": "sha256:bc88806a7ce1236790fcb8cf64c1cdbeeb0324e1a846b2b29779c70b28c23584"
}