{
  "model": "gemma3:27b-gptq",
  "backend": "cuda",
  "scenario": "closed_loop",
  "concurrency": 16,
  "n_prompt": 256,
  "n_gen": 128,
  "actual_input_tokens": {
    "requested": 256,
    "min": 112,
    "max": 112,
    "mean": 112.0
  },
  "actual_input_tokens_per_request": [
    [
      112,
      112,
      112,
      112,
      112,
      112,
      112,
      112,
      112,
      112,
      112,
      112,
      112,
      112,
      112,
      112,
      112,
      112,
      112,
      112,
      112,
      112,
      112,
      112,
      112,
      112,
      112,
      112,
      112,
      112,
      112,
      112,
      112,
      112,
      112,
      112,
      112,
      112,
      112,
      112,
      112,
      112,
      112,
      112,
      112,
      112,
      112,
      112,
      112,
      112,
      112,
      112,
      112,
      112,
      112,
      112,
      112,
      112,
      112,
      112,
      112,
      112,
      112,
      112
    ]
  ],
  "output_tokens_per_request": [
    [
      77,
      78,
      77,
      78,
      79,
      76,
      76,
      73,
      70,
      74,
      71,
      76,
      75,
      76,
      76,
      73,
      76,
      76,
      76,
      70,
      71,
      73,
      72,
      76,
      71,
      75,
      76,
      76,
      76,
      76,
      76,
      76,
      80,
      76,
      74,
      76,
      70,
      76,
      70,
      77,
      76,
      76,
      69,
      74,
      76,
      73,
      75,
      75,
      76,
      70,
      76,
      73,
      72,
      76,
      73,
      76,
      74,
      74,
      70,
      74,
      76,
      76,
      77,
      74
    ]
  ],
  "output_token_count_source": "usage",
  "n_repeats": 1,
  "n_requests_per_run": 64,
  "warmup_requests": 10,
  "ttft_ms": {
    "p50": {
      "mean": 293.0943205
    },
    "p75": {
      "mean": 557.40643675
    },
    "p95": {
      "mean": 838.40201505
    },
    "p99": {
      "mean": 838.88996274
    }
  },
  "tpot_ms": {
    "p50": {
      "mean": 41.93599116
    },
    "p75": {
      "mean": 43.37102515102564
    },
    "p95": {
      "mean": 44.902393530666664
    },
    "p99": {
      "mean": 46.035686683797465
    }
  },
  "itl_ms": {
    "p50": {
      "mean": 35.115681
    },
    "p75": {
      "mean": 35.687379
    },
    "p95": {
      "mean": 83.138322
    },
    "p99": {
      "mean": 167.80994099999998
    }
  },
  "e2e_ms": {
    "p50": {
      "mean": 3462.0772245
    },
    "p75": {
      "mean": 3598.0768435
    },
    "p95": {
      "mean": 3843.07519355
    },
    "p99": {
      "mean": 4054.504112569999
    }
  },
  "output_throughput_tps": {
    "mean": 344.11712150550585
  },
  "total_throughput_tps": {
    "mean": 860.472894365348
  },
  "request_throughput_rps": {
    "mean": 4.610319400534305
  },
  "goodput_rps": {
    "mean": 4.610319400534305
  },
  "slo": {
    "ttft_p99_ms": null,
    "tpot_p99_ms": null,
    "e2e_p99_ms": null
  },
  "completed_per_run": [
    64
  ],
  "errored_per_run": [
    0
  ],
  "bad_output_per_run": [
    0
  ],
  "malformed_stream_per_run": [
    0
  ],
  "missing_done_per_run": [
    0
  ],
  "duplicate_done_per_run": [
    0
  ],
  "zero_output_tokens_per_run": [
    0
  ],
  "stream_bulk_flush_per_run": [
    0
  ],
  "http_500_per_run": [
    0
  ],
  "panic_per_run": [
    0
  ],
  "quality_issues_per_run": [
    {
      "bad_output": 0,
      "malformed_stream": 0,
      "missing_done": 0,
      "duplicate_done": 0,
      "zero_output_tokens": 0,
      "stream_bulk_flush": 0,
      "http_500": 0,
      "panic": 0
    }
  ],
  "env": {
    "commit_sha": "b990e939",
    "hw_id": "rtx-4090",
    "driver": "565.77",
    "cuda": "12.4",
    "rust": "1.96.0",
    "ferrum_features": [
      "cuda",
      "vllm-moe-marlin",
      "vllm-paged-attn-v2"
    ],
    "gpu_clock_lock_mhz": 2790,
    "gpu_power_limit_w": 350,
    "gpu_persistence_mode": true,
    "ferrum_env": {},
    "runtime_config": {
      "entries": []
    }
  },
  "env_hash": "sha256:fb54c137ce0b7c7c1fb0833f347d91a14453bfbed68834d1a0a46fbf2e7b2b08"
}