{
  "model": "gemma3:27b-gptq",
  "backend": "cuda",
  "scenario": "closed_loop",
  "concurrency": 16,
  "n_prompt": 256,
  "n_gen": 128,
  "actual_input_tokens": {
    "requested": 256,
    "min": 112,
    "max": 112,
    "mean": 112.0
  },
  "actual_input_tokens_per_request": [
    [
      112,
      112,
      112,
      112,
      112,
      112,
      112,
      112,
      112,
      112,
      112,
      112,
      112,
      112,
      112,
      112,
      112,
      112,
      112,
      112,
      112,
      112,
      112,
      112,
      112,
      112,
      112,
      112,
      112,
      112,
      112,
      112,
      112,
      112,
      112,
      112,
      112,
      112,
      112,
      112,
      112,
      112,
      112,
      112,
      112,
      112,
      112,
      112,
      112,
      112,
      112,
      112,
      112,
      112,
      112,
      112,
      112,
      112,
      112,
      112,
      112,
      112,
      112,
      112
    ]
  ],
  "output_tokens_per_request": [
    [
      62,
      73,
      76,
      70,
      75,
      69,
      76,
      76,
      70,
      76,
      74,
      62,
      67,
      74,
      75,
      76,
      76,
      69,
      77,
      68,
      76,
      73,
      76,
      64,
      75,
      76,
      77,
      76,
      72,
      74,
      77,
      77,
      77,
      74,
      73,
      74,
      70,
      75,
      72,
      70,
      77,
      77,
      60,
      76,
      76,
      77,
      76,
      82,
      76,
      69,
      76,
      76,
      76,
      72,
      70,
      76,
      76,
      75,
      77,
      75,
      60,
      74,
      66,
      73
    ]
  ],
  "output_token_count_source": "usage",
  "n_repeats": 1,
  "n_requests_per_run": 64,
  "warmup_requests": 10,
  "ttft_ms": {
    "p50": {
      "mean": 211.0122065
    },
    "p75": {
      "mean": 352.98526375
    },
    "p95": {
      "mean": 845.3939265500001
    },
    "p99": {
      "mean": 845.9507190100001
    }
  },
  "tpot_ms": {
    "p50": {
      "mean": 42.73986837698631
    },
    "p75": {
      "mean": 43.76213998648649
    },
    "p95": {
      "mean": 44.42721730810811
    },
    "p99": {
      "mean": 44.69747946809474
    }
  },
  "itl_ms": {
    "p50": {
      "mean": 34.655943
    },
    "p75": {
      "mean": 35.0185095
    },
    "p95": {
      "mean": 83.564325
    },
    "p99": {
      "mean": 130.8012616
    }
  },
  "e2e_ms": {
    "p50": {
      "mean": 3360.6248045
    },
    "p75": {
      "mean": 3540.39060325
    },
    "p95": {
      "mean": 3825.4525195499996
    },
    "p99": {
      "mean": 3953.8310850599996
    }
  },
  "output_throughput_tps": {
    "mean": 344.068106823402
  },
  "total_throughput_tps": {
    "mean": 870.2640081910456
  },
  "request_throughput_rps": {
    "mean": 4.698177690782532
  },
  "goodput_rps": {
    "mean": 4.698177690782532
  },
  "slo": {
    "ttft_p99_ms": null,
    "tpot_p99_ms": null,
    "e2e_p99_ms": null
  },
  "completed_per_run": [
    64
  ],
  "errored_per_run": [
    0
  ],
  "bad_output_per_run": [
    0
  ],
  "malformed_stream_per_run": [
    0
  ],
  "missing_done_per_run": [
    0
  ],
  "duplicate_done_per_run": [
    0
  ],
  "zero_output_tokens_per_run": [
    0
  ],
  "stream_bulk_flush_per_run": [
    0
  ],
  "http_500_per_run": [
    0
  ],
  "panic_per_run": [
    0
  ],
  "quality_issues_per_run": [
    {
      "bad_output": 0,
      "malformed_stream": 0,
      "missing_done": 0,
      "duplicate_done": 0,
      "zero_output_tokens": 0,
      "stream_bulk_flush": 0,
      "http_500": 0,
      "panic": 0
    }
  ],
  "env": {
    "commit_sha": "260f4583",
    "hw_id": "rtx-4090",
    "driver": "565.77",
    "cuda": "12.4",
    "rust": "1.96.0",
    "ferrum_features": [
      "cuda",
      "vllm-moe-marlin",
      "vllm-paged-attn-v2"
    ],
    "gpu_clock_lock_mhz": 2790,
    "gpu_power_limit_w": 350,
    "gpu_persistence_mode": true,
    "ferrum_env": {},
    "runtime_config": {
      "entries": []
    }
  },
  "env_hash": "sha256:32163c49a4fd3fd61e39788b79708dbedc115fcb09f7972a6810046fa49b2087"
}