{
  "model": "Qwen/Qwen3.5-35B-A3B-GPTQ-Int4",
  "backend": "cuda",
  "scenario": "closed_loop",
  "concurrency": 32,
  "n_prompt": 256,
  "n_gen": 128,
  "actual_input_tokens": {
    "requested": 256,
    "min": 115,
    "max": 115,
    "mean": 115.0
  },
  "actual_input_tokens_per_request": [
    [
      115,
      115,
      115,
      115,
      115,
      115,
      115,
      115,
      115,
      115,
      115,
      115,
      115,
      115,
      115,
      115,
      115,
      115,
      115,
      115,
      115,
      115,
      115,
      115,
      115,
      115,
      115,
      115,
      115,
      115,
      115,
      115
    ]
  ],
  "output_tokens_per_request": [
    [
      128,
      128,
      128,
      128,
      128,
      128,
      128,
      128,
      128,
      128,
      128,
      128,
      128,
      128,
      128,
      128,
      128,
      128,
      128,
      128,
      128,
      128,
      128,
      128,
      128,
      128,
      128,
      128,
      128,
      128,
      128,
      128
    ]
  ],
  "output_token_count_source": "usage",
  "n_repeats": 1,
  "n_requests_per_run": 32,
  "warmup_requests": 4,
  "ttft_ms": {
    "p50": {
      "mean": 2052.8808545
    },
    "p75": {
      "mean": 2054.488526
    },
    "p95": {
      "mean": 2055.70698265
    },
    "p99": {
      "mean": 2055.9373594999997
    }
  },
  "tpot_ms": {
    "p50": {
      "mean": 31.902352456692913
    },
    "p75": {
      "mean": 49.44228946850394
    },
    "p95": {
      "mean": 52.87363728937008
    },
    "p99": {
      "mean": 53.27640298023622
    }
  },
  "itl_ms": {
    "p50": {
      "mean": 19.207232
    },
    "p75": {
      "mean": 20.0586565
    },
    "p95": {
      "mean": 57.247343599999965
    },
    "p99": {
      "mean": 116.50873082000001
    }
  },
  "e2e_ms": {
    "p50": {
      "mean": 6054.2599075
    },
    "p75": {
      "mean": 8332.072836
    },
    "p95": {
      "mean": 8769.007756449999
    },
    "p99": {
      "mean": 8770.157650320001
    }
  },
  "output_throughput_tps": {
    "mean": 467.0005918294168
  },
  "total_throughput_tps": {
    "mean": 886.5714360511585
  },
  "request_throughput_rps": {
    "mean": 3.648442123667319
  },
  "goodput_rps": {
    "mean": 3.648442123667319
  },
  "slo": {
    "ttft_p99_ms": null,
    "tpot_p99_ms": null,
    "e2e_p99_ms": null
  },
  "completed_per_run": [
    32
  ],
  "errored_per_run": [
    0
  ],
  "bad_output_per_run": [
    0
  ],
  "malformed_stream_per_run": [
    0
  ],
  "missing_done_per_run": [
    0
  ],
  "duplicate_done_per_run": [
    0
  ],
  "zero_output_tokens_per_run": [
    0
  ],
  "stream_bulk_flush_per_run": [
    0
  ],
  "http_500_per_run": [
    0
  ],
  "panic_per_run": [
    0
  ],
  "quality_issues_per_run": [
    {
      "bad_output": 0,
      "malformed_stream": 0,
      "missing_done": 0,
      "duplicate_done": 0,
      "zero_output_tokens": 0,
      "stream_bulk_flush": 0,
      "http_500": 0,
      "panic": 0
    }
  ],
  "env": {
    "commit_sha": "dc456075",
    "hw_id": "rtx-4090",
    "driver": "570.153.02",
    "cuda": "12.4",
    "rust": "1.96.0",
    "ferrum_features": [
      "cuda",
      "vllm-moe-marlin",
      "vllm-paged-attn-v2"
    ],
    "gpu_clock_lock_mhz": 2655,
    "gpu_power_limit_w": 450,
    "gpu_persistence_mode": true,
    "ferrum_env": {
      "FERRUM_SCHED_TRACE": "1",
      "FERRUM_UNIFIED_PROF": "1"
    },
    "runtime_config": {
      "entries": [
        {
          "key": "FERRUM_SCHED_TRACE",
          "effective_value": "1",
          "source": "env",
          "affects": [
            "performance",
            "diagnostics"
          ]
        },
        {
          "key": "FERRUM_UNIFIED_PROF",
          "effective_value": "1",
          "source": "env",
          "affects": [
            "diagnostics"
          ]
        }
      ]
    }
  },
  "env_hash": "sha256:7c329a7340ae9ef7ac434900c4302621b11044f6971dcbb57472509c25b6542f"
}