{
  "model": "Qwen/Qwen3.5-35B-A3B-GPTQ-Int4",
  "backend": "cuda",
  "scenario": "closed_loop",
  "concurrency": 16,
  "n_prompt": 256,
  "n_gen": 128,
  "actual_input_tokens": {
    "requested": 256,
    "min": 115,
    "max": 115,
    "mean": 115.0
  },
  "actual_input_tokens_per_request": [
    [
      115,
      115,
      115,
      115,
      115,
      115,
      115,
      115,
      115,
      115,
      115,
      115,
      115,
      115,
      115,
      115,
      115,
      115,
      115,
      115,
      115,
      115,
      115,
      115,
      115,
      115,
      115,
      115,
      115,
      115,
      115,
      115
    ]
  ],
  "output_tokens_per_request": [
    [
      128,
      128,
      128,
      128,
      128,
      128,
      128,
      128,
      128,
      128,
      128,
      128,
      128,
      128,
      128,
      128,
      128,
      128,
      128,
      128,
      128,
      128,
      128,
      128,
      128,
      128,
      128,
      128,
      128,
      128,
      128,
      128
    ]
  ],
  "output_token_count_source": "usage",
  "n_repeats": 1,
  "n_requests_per_run": 32,
  "warmup_requests": 4,
  "ttft_ms": {
    "p50": {
      "mean": 751.6591645
    },
    "p75": {
      "mean": 763.6469535000001
    },
    "p95": {
      "mean": 786.04849485
    },
    "p99": {
      "mean": 786.05964038
    }
  },
  "tpot_ms": {
    "p50": {
      "mean": 18.515264488188976
    },
    "p75": {
      "mean": 18.632190968503934
    },
    "p95": {
      "mean": 18.63936936614173
    },
    "p99": {
      "mean": 18.65647827259842
    }
  },
  "itl_ms": {
    "p50": {
      "mean": 18.70347
    },
    "p75": {
      "mean": 19.852197500000003
    },
    "p95": {
      "mean": 20.472324999999994
    },
    "p99": {
      "mean": 21.889006719999998
    }
  },
  "e2e_ms": {
    "p50": {
      "mean": 3103.9816565
    },
    "p75": {
      "mean": 3112.0797507500006
    },
    "p95": {
      "mean": 3113.3745894000003
    },
    "p99": {
      "mean": 3115.5811159799996
    }
  },
  "output_throughput_tps": {
    "mean": 659.6912913078381
  },
  "total_throughput_tps": {
    "mean": 1252.382685842224
  },
  "request_throughput_rps": {
    "mean": 5.153838213342485
  },
  "goodput_rps": {
    "mean": 5.153838213342485
  },
  "slo": {
    "ttft_p99_ms": null,
    "tpot_p99_ms": null,
    "e2e_p99_ms": null
  },
  "completed_per_run": [
    32
  ],
  "errored_per_run": [
    0
  ],
  "bad_output_per_run": [
    0
  ],
  "malformed_stream_per_run": [
    0
  ],
  "missing_done_per_run": [
    0
  ],
  "duplicate_done_per_run": [
    0
  ],
  "zero_output_tokens_per_run": [
    0
  ],
  "stream_bulk_flush_per_run": [
    0
  ],
  "http_500_per_run": [
    0
  ],
  "panic_per_run": [
    0
  ],
  "quality_issues_per_run": [
    {
      "bad_output": 0,
      "malformed_stream": 0,
      "missing_done": 0,
      "duplicate_done": 0,
      "zero_output_tokens": 0,
      "stream_bulk_flush": 0,
      "http_500": 0,
      "panic": 0
    }
  ],
  "env": {
    "commit_sha": "cb831135",
    "hw_id": "rtx-4090",
    "driver": "570.153.02",
    "cuda": "12.4",
    "rust": "1.96.0",
    "ferrum_features": [
      "cuda",
      "vllm-moe-marlin",
      "vllm-paged-attn-v2"
    ],
    "gpu_clock_lock_mhz": 2655,
    "gpu_power_limit_w": 450,
    "gpu_persistence_mode": true,
    "ferrum_env": {},
    "runtime_config": {
      "entries": []
    }
  },
  "env_hash": "sha256:47b64a2d039aadbcc914e352780c3822dec4a321bf9c8d03ea33512e6b5ef733"
}