{
  "model": "gemma3:27b-gptq",
  "backend": "cuda",
  "scenario": "closed_loop",
  "concurrency": 16,
  "n_prompt": 256,
  "n_gen": 64,
  "actual_input_tokens": {
    "requested": 256,
    "min": 112,
    "max": 112,
    "mean": 112.0
  },
  "actual_input_tokens_per_request": [
    [
      112,
      112,
      112,
      112,
      112,
      112,
      112,
      112,
      112,
      112,
      112,
      112,
      112,
      112,
      112,
      112
    ]
  ],
  "output_token_count_source": "usage",
  "n_repeats": 1,
  "n_requests_per_run": 16,
  "warmup_requests": 10,
  "ttft_ms": {
    "p50": {
      "mean": 925.569525
    },
    "p75": {
      "mean": 1220.58424075
    },
    "p95": {
      "mean": 1516.3310607499998
    },
    "p99": {
      "mean": 1516.4437305499998
    }
  },
  "tpot_ms": {
    "p50": {
      "mean": 35.03540207142857
    },
    "p75": {
      "mean": 40.18329003571428
    },
    "p95": {
      "mean": 43.27142065873016
    },
    "p99": {
      "mean": 43.273710392063485
    }
  },
  "itl_ms": {
    "p50": {
      "mean": 26.577522000000002
    },
    "p75": {
      "mean": 26.802206
    },
    "p95": {
      "mean": 27.054645
    },
    "p99": {
      "mean": 295.8020496
    }
  },
  "e2e_ms": {
    "p50": {
      "mean": 3132.79389
    },
    "p75": {
      "mean": 3158.83600575
    },
    "p95": {
      "mean": 3184.35360225
    },
    "p99": {
      "mean": 3184.37527485
    }
  },
  "output_throughput_tps": {
    "mean": 321.55058272729593
  },
  "total_throughput_tps": {
    "mean": 884.2641025000638
  },
  "request_throughput_rps": {
    "mean": 5.024227855113999
  },
  "goodput_rps": {
    "mean": 5.024227855113999
  },
  "slo": {
    "ttft_p99_ms": null,
    "tpot_p99_ms": null,
    "e2e_p99_ms": null
  },
  "completed_per_run": [
    16
  ],
  "errored_per_run": [
    0
  ],
  "bad_output_per_run": [
    0
  ],
  "malformed_stream_per_run": [
    0
  ],
  "missing_done_per_run": [
    0
  ],
  "duplicate_done_per_run": [
    0
  ],
  "zero_output_tokens_per_run": [
    0
  ],
  "stream_bulk_flush_per_run": [
    0
  ],
  "http_500_per_run": [
    0
  ],
  "panic_per_run": [
    0
  ],
  "quality_issues_per_run": [
    {
      "bad_output": 0,
      "malformed_stream": 0,
      "missing_done": 0,
      "duplicate_done": 0,
      "zero_output_tokens": 0,
      "stream_bulk_flush": 0,
      "http_500": 0,
      "panic": 0
    }
  ],
  "env": {
    "commit_sha": "3c407faf",
    "hw_id": "rtx-4090",
    "driver": "565.77",
    "cuda": "12.4",
    "rust": "1.96.0",
    "ferrum_features": [
      "cuda",
      "vllm-moe-marlin",
      "vllm-paged-attn-v2"
    ],
    "gpu_clock_lock_mhz": 2790,
    "gpu_power_limit_w": 350,
    "gpu_persistence_mode": true,
    "ferrum_env": {},
    "runtime_config": {
      "entries": []
    }
  },
  "env_hash": "sha256:a197d6bcc724824a491ed106c88558f8a6f11c25ff0899b20d1eb040d37ade01"
}