{
  "backend": "cuda",
  "completed_per_run": [
    128,
    128,
    128,
    128,
    128
  ],
  "concurrency": 1,
  "e2e_ms": {
    "p50": {
      "ci95_hw": 2.815342349508841,
      "mean": 1155.4882856,
      "stddev": 2.2677582397102816
    },
    "p75": {
      "ci95_hw": 2.5415691440493178,
      "mean": 1161.2911743500001,
      "stddev": 2.047233924931639
    },
    "p95": {
      "ci95_hw": 16.876596701684196,
      "mean": 1179.53978803,
      "stddev": 13.594098506417364
    },
    "p99": {
      "ci95_hw": 55.44217192311355,
      "mean": 1220.0055136040003,
      "stddev": 44.65866903469458
    }
  },
  "env": {
    "commit_sha": "",
    "cuda": "13.0",
    "driver": "580.159.04",
    "ferrum_env": {
      "FERRUM_GRAPH": "1",
      "FERRUM_GRAPH_SKIP_UPLOAD": "1",
      "FERRUM_GREEDY_ARGMAX": "1",
      "FERRUM_KV_MAX_BLOCKS": "2048",
      "FERRUM_MOE_DEVICE_ROUTE": "1",
      "FERRUM_MOE_STREAMS": "4",
      "FERRUM_PAGED_MAX_SEQS": "32"
    },
    "ferrum_features": [
      "cuda",
      "vllm-moe-marlin",
      "vllm-paged-attn-v2"
    ],
    "gpu_clock_lock_mhz": 2790,
    "gpu_persistence_mode": true,
    "gpu_power_limit_w": 300,
    "hw_id": "rtx-4090",
    "rust": "unknown"
  },
  "env_hash": "sha256:8e30b71cb8831a1946d66a616614436fad5d7b45f9d8c5426dcd785a46a056e6",
  "errored_per_run": [
    0,
    0,
    0,
    0,
    0
  ],
  "goodput_rps": {
    "ci95_hw": 0.005346770257919011,
    "mean": 0.8666534279535523,
    "stddev": 0.004306823399416784
  },
  "itl_ms": {
    "p50": {
      "ci95_hw": 0.022063905875202225,
      "mean": 8.627265399999999,
      "stddev": 0.017772476003641634
    },
    "p75": {
      "ci95_hw": 0.019733792662080824,
      "mean": 8.6980367,
      "stddev": 0.015895569829358525
    },
    "p95": {
      "ci95_hw": 0.15080468773716577,
      "mean": 8.949378209999999,
      "stddev": 0.12147317474997536
    },
    "p99": {
      "ci95_hw": 0.37543657182318263,
      "mean": 10.259864145999998,
      "stddev": 0.30241415556056145
    }
  },
  "model": "Qwen/Qwen3-30B-A3B-GPTQ-Int4",
  "n_gen": 128,
  "n_prompt": 256,
  "n_repeats": 5,
  "n_requests_per_run": 128,
  "output_throughput_tps": {
    "ci95_hw": 0.1094980965076019,
    "mean": 111.24930566300687,
    "stddev": 0.08820071584936245
  },
  "request_throughput_rps": {
    "ci95_hw": 0.005346770257919011,
    "mean": 0.8666534279535523,
    "stddev": 0.004306823399416784
  },
  "scenario": "closed_loop",
  "slo": {
    "e2e_p99_ms": null,
    "tpot_p99_ms": null,
    "ttft_p99_ms": null
  },
  "total_throughput_tps": {
    "ci95_hw": 1.456285302667047,
    "mean": 333.1125832191162,
    "stddev": 1.173037799494731
  },
  "tpot_ms": {
    "p50": {
      "ci95_hw": 0.018606776686602704,
      "mean": 8.57100975859375,
      "stddev": 0.01498775847024566
    },
    "p75": {
      "ci95_hw": 0.0155887831263167,
      "mean": 8.6158613265625,
      "stddev": 0.012556764681896914
    },
    "p95": {
      "ci95_hw": 0.11771837423249265,
      "mean": 8.77030693042138,
      "stddev": 0.09482214949013444
    },
    "p99": {
      "ci95_hw": 0.4588699142215254,
      "mean": 9.06748333493929,
      "stddev": 0.3696197121861774
    }
  },
  "ttft_ms": {
    "p50": {
      "ci95_hw": 0.18931714828820145,
      "mean": 58.85979580000001,
      "stddev": 0.152494961411681
    },
    "p75": {
      "ci95_hw": 0.061676234515768154,
      "mean": 59.71089004999999,
      "stddev": 0.04968020640254915
    },
    "p95": {
      "ci95_hw": 0.24218826742234728,
      "mean": 61.239826449999995,
      "stddev": 0.1950826474457011
    },
    "p99": {
      "ci95_hw": 2.239696264927446,
      "mean": 63.17524612600001,
      "stddev": 1.8040753232457307
    }
  },
  "warmup_requests": 10
}