{
  "model": "Qwen/Qwen3.5-35B-A3B-GPTQ-Int4",
  "backend": "cuda",
  "scenario": "closed_loop",
  "concurrency": 32,
  "n_prompt": 256,
  "n_gen": 128,
  "actual_input_tokens": {
    "requested": 256,
    "min": 115,
    "max": 115,
    "mean": 115.0
  },
  "actual_input_tokens_per_request": [
    [
      115,
      115,
      115,
      115,
      115,
      115,
      115,
      115,
      115,
      115,
      115,
      115,
      115,
      115,
      115,
      115,
      115,
      115,
      115,
      115,
      115,
      115,
      115,
      115,
      115,
      115,
      115,
      115,
      115,
      115,
      115,
      115
    ]
  ],
  "output_tokens_per_request": [
    [
      128,
      128,
      128,
      128,
      128,
      128,
      128,
      128,
      128,
      128,
      128,
      128,
      128,
      128,
      128,
      128,
      128,
      128,
      128,
      128,
      128,
      128,
      128,
      128,
      128,
      128,
      128,
      128,
      128,
      128,
      128,
      128
    ]
  ],
  "output_token_count_source": "usage",
  "n_repeats": 1,
  "n_requests_per_run": 32,
  "warmup_requests": 4,
  "ttft_ms": {
    "p50": {
      "mean": 2091.3424054999996
    },
    "p75": {
      "mean": 2091.42671375
    },
    "p95": {
      "mean": 2091.6527379
    },
    "p99": {
      "mean": 2137.8962980799997
    }
  },
  "tpot_ms": {
    "p50": {
      "mean": 38.956686984251974
    },
    "p75": {
      "mean": 51.334749527559055
    },
    "p95": {
      "mean": 54.77596169173228
    },
    "p99": {
      "mean": 54.78311498409449
    }
  },
  "itl_ms": {
    "p50": {
      "mean": 19.340338
    },
    "p75": {
      "mean": 19.772966750000002
    },
    "p95": {
      "mean": 59.0604569
    },
    "p99": {
      "mean": 121.50241815999998
    }
  },
  "e2e_ms": {
    "p50": {
      "mean": 7072.499784
    },
    "p75": {
      "mean": 8610.861754000001
    },
    "p95": {
      "mean": 9047.788048949998
    },
    "p99": {
      "mean": 9049.02386467
    }
  },
  "output_throughput_tps": {
    "mean": 452.61577401560686
  },
  "total_throughput_tps": {
    "mean": 859.2627584827536
  },
  "request_throughput_rps": {
    "mean": 3.5360607344969286
  },
  "goodput_rps": {
    "mean": 3.5360607344969286
  },
  "slo": {
    "ttft_p99_ms": null,
    "tpot_p99_ms": null,
    "e2e_p99_ms": null
  },
  "completed_per_run": [
    32
  ],
  "errored_per_run": [
    0
  ],
  "bad_output_per_run": [
    0
  ],
  "malformed_stream_per_run": [
    0
  ],
  "missing_done_per_run": [
    0
  ],
  "duplicate_done_per_run": [
    0
  ],
  "zero_output_tokens_per_run": [
    0
  ],
  "stream_bulk_flush_per_run": [
    0
  ],
  "http_500_per_run": [
    0
  ],
  "panic_per_run": [
    0
  ],
  "quality_issues_per_run": [
    {
      "bad_output": 0,
      "malformed_stream": 0,
      "missing_done": 0,
      "duplicate_done": 0,
      "zero_output_tokens": 0,
      "stream_bulk_flush": 0,
      "http_500": 0,
      "panic": 0
    }
  ],
  "env": {
    "commit_sha": "ff5cab92",
    "hw_id": "rtx-4090",
    "driver": "570.153.02",
    "cuda": "12.4",
    "rust": "1.96.0",
    "ferrum_features": [
      "cuda",
      "vllm-moe-marlin",
      "vllm-paged-attn-v2"
    ],
    "gpu_clock_lock_mhz": 2655,
    "gpu_power_limit_w": 450,
    "gpu_persistence_mode": true,
    "ferrum_env": {
      "FERRUM_SCHED_TRACE": "1",
      "FERRUM_UNIFIED_PROF": "1"
    },
    "runtime_config": {
      "entries": [
        {
          "key": "FERRUM_SCHED_TRACE",
          "effective_value": "1",
          "source": "env",
          "affects": [
            "performance",
            "diagnostics"
          ]
        },
        {
          "key": "FERRUM_UNIFIED_PROF",
          "effective_value": "1",
          "source": "env",
          "affects": [
            "diagnostics"
          ]
        }
      ]
    }
  },
  "env_hash": "sha256:674e2bca1b22273dd957dfdac2a55a1ec06b91638c61e559592bae85cfeb4b63"
}