{
  "model": "Qwen/Qwen3.5-35B-A3B-GPTQ-Int4",
  "backend": "cuda",
  "scenario": "closed_loop",
  "concurrency": 32,
  "n_prompt": 256,
  "n_gen": 128,
  "actual_input_tokens": {
    "requested": 256,
    "min": 115,
    "max": 115,
    "mean": 115.0
  },
  "actual_input_tokens_per_request": [
    [
      115,
      115,
      115,
      115,
      115,
      115,
      115,
      115,
      115,
      115,
      115,
      115,
      115,
      115,
      115,
      115,
      115,
      115,
      115,
      115,
      115,
      115,
      115,
      115,
      115,
      115,
      115,
      115,
      115,
      115,
      115,
      115
    ]
  ],
  "output_tokens_per_request": [
    [
      128,
      128,
      128,
      128,
      128,
      128,
      128,
      128,
      128,
      128,
      128,
      128,
      128,
      128,
      128,
      128,
      128,
      128,
      128,
      128,
      128,
      128,
      128,
      128,
      128,
      128,
      128,
      128,
      128,
      128,
      128,
      128
    ]
  ],
  "output_token_count_source": "usage",
  "n_repeats": 1,
  "n_requests_per_run": 32,
  "warmup_requests": 4,
  "ttft_ms": {
    "p50": {
      "mean": 2082.0703645
    },
    "p75": {
      "mean": 2082.1004624999996
    },
    "p95": {
      "mean": 2082.1930353499997
    },
    "p99": {
      "mean": 2127.2782667300003
    }
  },
  "tpot_ms": {
    "p50": {
      "mean": 54.781051681102355
    },
    "p75": {
      "mean": 83.24234767125984
    },
    "p95": {
      "mean": 96.50924587401575
    },
    "p99": {
      "mean": 97.56857123456695
    }
  },
  "itl_ms": {
    "p50": {
      "mean": 35.017793999999995
    },
    "p75": {
      "mean": 53.763076
    },
    "p95": {
      "mean": 62.719998
    },
    "p99": {
      "mean": 116.5074582
    }
  },
  "e2e_ms": {
    "p50": {
      "mean": 9071.9572615
    },
    "p75": {
      "mean": 12653.826597500001
    },
    "p95": {
      "mean": 14338.8019941
    },
    "p99": {
      "mean": 14473.27338169
    }
  },
  "output_throughput_tps": {
    "mean": 282.99426313974493
  },
  "total_throughput_tps": {
    "mean": 537.2469214293595
  },
  "request_throughput_rps": {
    "mean": 2.2108926807792573
  },
  "goodput_rps": {
    "mean": 2.2108926807792573
  },
  "slo": {
    "ttft_p99_ms": null,
    "tpot_p99_ms": null,
    "e2e_p99_ms": null
  },
  "completed_per_run": [
    32
  ],
  "errored_per_run": [
    0
  ],
  "bad_output_per_run": [
    0
  ],
  "malformed_stream_per_run": [
    0
  ],
  "missing_done_per_run": [
    0
  ],
  "duplicate_done_per_run": [
    0
  ],
  "zero_output_tokens_per_run": [
    0
  ],
  "stream_bulk_flush_per_run": [
    0
  ],
  "http_500_per_run": [
    0
  ],
  "panic_per_run": [
    0
  ],
  "quality_issues_per_run": [
    {
      "bad_output": 0,
      "malformed_stream": 0,
      "missing_done": 0,
      "duplicate_done": 0,
      "zero_output_tokens": 0,
      "stream_bulk_flush": 0,
      "http_500": 0,
      "panic": 0
    }
  ],
  "env": {
    "commit_sha": "9d43148c",
    "hw_id": "rtx-4090",
    "driver": "570.153.02",
    "cuda": "12.4",
    "rust": "1.96.0",
    "ferrum_features": [
      "cuda",
      "vllm-moe-marlin",
      "vllm-paged-attn-v2"
    ],
    "gpu_clock_lock_mhz": 2655,
    "gpu_power_limit_w": 450,
    "gpu_persistence_mode": true,
    "ferrum_env": {
      "FERRUM_SCHED_TRACE": "1",
      "FERRUM_UNIFIED_PROF": "1"
    },
    "runtime_config": {
      "entries": [
        {
          "key": "FERRUM_SCHED_TRACE",
          "effective_value": "1",
          "source": "env",
          "affects": [
            "performance",
            "diagnostics"
          ]
        },
        {
          "key": "FERRUM_UNIFIED_PROF",
          "effective_value": "1",
          "source": "env",
          "affects": [
            "diagnostics"
          ]
        }
      ]
    }
  },
  "env_hash": "sha256:c8ec88c9e3da15dd2e5c4400409f302a1ed016be0032a00046598e0ccf7ef0e8"
}