{
  "model": "Qwen/Qwen3.5-35B-A3B-GPTQ-Int4",
  "backend": "cuda",
  "scenario": "closed_loop",
  "concurrency": 32,
  "n_prompt": 256,
  "n_gen": 128,
  "actual_input_tokens": {
    "requested": 256,
    "min": 115,
    "max": 115,
    "mean": 115.0
  },
  "actual_input_tokens_per_request": [
    [
      115,
      115,
      115,
      115,
      115,
      115,
      115,
      115,
      115,
      115,
      115,
      115,
      115,
      115,
      115,
      115,
      115,
      115,
      115,
      115,
      115,
      115,
      115,
      115,
      115,
      115,
      115,
      115,
      115,
      115,
      115,
      115
    ]
  ],
  "output_tokens_per_request": [
    [
      128,
      128,
      128,
      128,
      128,
      128,
      128,
      128,
      128,
      128,
      128,
      128,
      128,
      128,
      128,
      128,
      128,
      128,
      128,
      128,
      128,
      128,
      128,
      128,
      128,
      128,
      128,
      128,
      128,
      128,
      128,
      128
    ]
  ],
  "output_token_count_source": "usage",
  "n_repeats": 1,
  "n_requests_per_run": 32,
  "warmup_requests": 4,
  "ttft_ms": {
    "p50": {
      "mean": 1961.121254
    },
    "p75": {
      "mean": 1961.2106319999998
    },
    "p95": {
      "mean": 1961.2546543500002
    },
    "p99": {
      "mean": 1961.28096689
    }
  },
  "tpot_ms": {
    "p50": {
      "mean": 31.27331379133858
    },
    "p75": {
      "mean": 49.48070241141731
    },
    "p95": {
      "mean": 52.9450978964567
    },
    "p99": {
      "mean": 53.26989160700788
    }
  },
  "itl_ms": {
    "p50": {
      "mean": 19.499164
    },
    "p75": {
      "mean": 20.057879500000002
    },
    "p95": {
      "mean": 55.165589
    },
    "p99": {
      "mean": 130.92039742
    }
  },
  "e2e_ms": {
    "p50": {
      "mean": 5932.80039
    },
    "p75": {
      "mean": 8245.208540249998
    },
    "p95": {
      "mean": 8685.204481550001
    },
    "p99": {
      "mean": 8726.47021969
    }
  },
  "output_throughput_tps": {
    "mean": 468.3885859539078
  },
  "total_throughput_tps": {
    "mean": 889.2064561468719
  },
  "request_throughput_rps": {
    "mean": 3.6592858277649047
  },
  "goodput_rps": {
    "mean": 3.6592858277649047
  },
  "slo": {
    "ttft_p99_ms": null,
    "tpot_p99_ms": null,
    "e2e_p99_ms": null
  },
  "completed_per_run": [
    32
  ],
  "errored_per_run": [
    0
  ],
  "bad_output_per_run": [
    0
  ],
  "malformed_stream_per_run": [
    0
  ],
  "missing_done_per_run": [
    0
  ],
  "duplicate_done_per_run": [
    0
  ],
  "zero_output_tokens_per_run": [
    0
  ],
  "stream_bulk_flush_per_run": [
    0
  ],
  "http_500_per_run": [
    0
  ],
  "panic_per_run": [
    0
  ],
  "quality_issues_per_run": [
    {
      "bad_output": 0,
      "malformed_stream": 0,
      "missing_done": 0,
      "duplicate_done": 0,
      "zero_output_tokens": 0,
      "stream_bulk_flush": 0,
      "http_500": 0,
      "panic": 0
    }
  ],
  "env": {
    "commit_sha": "1cdc98f7",
    "hw_id": "rtx-4090",
    "driver": "570.153.02",
    "cuda": "12.4",
    "rust": "1.96.0",
    "ferrum_features": [
      "cuda",
      "vllm-moe-marlin",
      "vllm-paged-attn-v2"
    ],
    "gpu_clock_lock_mhz": 2655,
    "gpu_power_limit_w": 450,
    "gpu_persistence_mode": true,
    "ferrum_env": {
      "FERRUM_SCHED_TRACE": "1",
      "FERRUM_UNIFIED_PROF": "1"
    },
    "runtime_config": {
      "entries": [
        {
          "key": "FERRUM_SCHED_TRACE",
          "effective_value": "1",
          "source": "env",
          "affects": [
            "performance",
            "diagnostics"
          ]
        },
        {
          "key": "FERRUM_UNIFIED_PROF",
          "effective_value": "1",
          "source": "env",
          "affects": [
            "diagnostics"
          ]
        }
      ]
    }
  },
  "env_hash": "sha256:f3b845b8217bc950fbf7bd01d10a5d7e5dbdf7caf0edf93fc58c2ec0c8f7e297"
}