{
  "linear_batch32": {
    "a_proj": {
      "max": 195.0,
      "mean": 11.823015873015873,
      "n": 1260,
      "p50": 12.0,
      "p95": 12.0
    },
    "accounted": {
      "max": 5027.0,
      "mean": 1069.2380952380952,
      "n": 1260,
      "p50": 1062.0,
      "p95": 1105.0
    },
    "attention_post": {
      "max": 65.0,
      "mean": 39.98095238095238,
      "n": 1260,
      "p50": 40.0,
      "p95": 42.0
    },
    "b_proj": {
      "max": 23.0,
      "mean": 12.003174603174603,
      "n": 1260,
      "p50": 12.0,
      "p95": 13.0
    },
    "event": "qwen35_linear_decode_detail",
    "events": 1260,
    "gated_norm": {
      "max": 16.0,
      "mean": 5.374603174603174,
      "n": 1260,
      "p50": 5.0,
      "p95": 6.0
    },
    "indexed_core": {
      "max": 334.0,
      "mean": 196.70555555555555,
      "n": 1260,
      "p50": 194.0,
      "p95": 205.0
    },
    "indexed_prepare": {
      "max": 22.0,
      "mean": 14.484126984126984,
      "n": 1260,
      "p50": 14.0,
      "p95": 16.0
    },
    "indexed_recurrent": {
      "max": 322.0,
      "mean": 182.22142857142856,
      "n": 1260,
      "p50": 179.0,
      "p95": 189.0
    },
    "input_norm": {
      "max": 13.0,
      "mean": 5.334920634920635,
      "n": 1260,
      "p50": 5.0,
      "p95": 6.0
    },
    "mlp": {
      "max": 4494.0,
      "mean": 702.8515873015873,
      "n": 1260,
      "p50": 695.0,
      "p95": 733.0
    },
    "out_proj": {
      "max": 52.0,
      "mean": 30.715079365079365,
      "n": 1260,
      "p50": 31.0,
      "p95": 32.0
    },
    "projection": {
      "max": 330.0,
      "mean": 117.52142857142857,
      "n": 1260,
      "p50": 121.0,
      "p95": 124.0
    },
    "qkv_proj": {
      "max": 226.0,
      "mean": 59.4531746031746,
      "n": 1260,
      "p50": 62.0,
      "p95": 64.0
    },
    "residual_update": {
      "max": 9.0,
      "mean": 6.843650793650793,
      "n": 1260,
      "p50": 7.0,
      "p95": 8.0
    },
    "z_proj": {
      "max": 242.0,
      "mean": 34.242063492063494,
      "n": 1260,
      "p50": 35.0,
      "p95": 37.0
    }
  },
  "linear_batch_counts": {
    "1": 540,
    "2": 30,
    "3": 30,
    "30": 30,
    "32": 1260,
    "4": 1290
  },
  "linear_decode_all_used_indexed": {
    "a_proj": {
      "max": 199.0,
      "mean": 14.193396226415095,
      "n": 3180,
      "p50": 12.0,
      "p95": 19.0
    },
    "accounted": {
      "max": 5027.0,
      "mean": 956.5820754716981,
      "n": 3180,
      "p50": 905.0,
      "p95": 1091.0
    },
    "attention_post": {
      "max": 65.0,
      "mean": 39.52798742138365,
      "n": 3180,
      "p50": 40.0,
      "p95": 42.0
    },
    "b_proj": {
      "max": 30.0,
      "mean": 14.466666666666667,
      "n": 3180,
      "p50": 12.0,
      "p95": 19.0
    },
    "event": "qwen35_linear_decode_detail",
    "events": 3180,
    "gated_norm": {
      "max": 19.0,
      "mean": 4.956918238993711,
      "n": 3180,
      "p50": 5.0,
      "p95": 6.0
    },
    "indexed_core": {
      "max": 334.0,
      "mean": 100.51540880503144,
      "n": 3180,
      "p50": 40.5,
      "p95": 203.0
    },
    "indexed_prepare": {
      "max": 23.0,
      "mean": 10.877672955974843,
      "n": 3180,
      "p50": 9.0,
      "p95": 15.0
    },
    "indexed_recurrent": {
      "max": 322.0,
      "mean": 89.6377358490566,
      "n": 3180,
      "p50": 32.0,
      "p95": 189.0
    },
    "input_norm": {
      "max": 190.0,
      "mean": 5.419182389937107,
      "n": 3180,
      "p50": 5.0,
      "p95": 6.0
    },
    "mlp": {
      "max": 4494.0,
      "mean": 689.5896226415094,
      "n": 3180,
      "p50": 683.0,
      "p95": 731.0
    },
    "out_proj": {
      "max": 52.0,
      "mean": 30.637421383647798,
      "n": 3180,
      "p50": 31.0,
      "p95": 32.0
    },
    "projection": {
      "max": 330.0,
      "mean": 114.83553459119497,
      "n": 3180,
      "p50": 120.0,
      "p95": 125.0
    },
    "qkv_proj": {
      "max": 226.0,
      "mean": 54.71666666666667,
      "n": 3180,
      "p50": 53.0,
      "p95": 64.0
    },
    "residual_update": {
      "max": 21.0,
      "mean": 6.694339622641509,
      "n": 3180,
      "p50": 7.0,
      "p95": 8.0
    },
    "z_proj": {
      "max": 242.0,
      "mean": 31.45880503144654,
      "n": 3180,
      "p50": 32.0,
      "p95": 36.0
    }
  }
}
