{
  "model": "Qwen/Qwen3.5-35B-A3B-GPTQ-Int4",
  "backend": "cuda",
  "scenario": "closed_loop",
  "concurrency": 32,
  "n_prompt": 256,
  "n_gen": 128,
  "actual_input_tokens": {
    "requested": 256,
    "min": 115,
    "max": 115,
    "mean": 115.0
  },
  "actual_input_tokens_per_request": [
    [
      115,
      115,
      115,
      115,
      115,
      115,
      115,
      115,
      115,
      115,
      115,
      115,
      115,
      115,
      115,
      115,
      115,
      115,
      115,
      115,
      115,
      115,
      115,
      115,
      115,
      115,
      115,
      115,
      115,
      115,
      115,
      115
    ]
  ],
  "output_tokens_per_request": [
    [
      128,
      128,
      128,
      128,
      128,
      128,
      128,
      128,
      128,
      128,
      128,
      128,
      128,
      128,
      128,
      128,
      128,
      128,
      128,
      128,
      128,
      128,
      128,
      128,
      128,
      128,
      128,
      128,
      128,
      128,
      128,
      128
    ]
  ],
  "output_token_count_source": "usage",
  "n_repeats": 1,
  "n_requests_per_run": 32,
  "warmup_requests": 4,
  "ttft_ms": {
    "p50": {
      "mean": 2256.559387
    },
    "p75": {
      "mean": 2330.8179250000003
    },
    "p95": {
      "mean": 2331.5765868500002
    },
    "p99": {
      "mean": 10804.945236310015
    }
  },
  "tpot_ms": {
    "p50": {
      "mean": 184.5247822519685
    },
    "p75": {
      "mean": 258.54694243307085
    },
    "p95": {
      "mean": 324.67770220511807
    },
    "p99": {
      "mean": 337.13121800188975
    }
  },
  "itl_ms": {
    "p50": {
      "mean": 9.84281
    },
    "p75": {
      "mean": 10.175814
    },
    "p95": {
      "mean": 18.943213
    },
    "p99": {
      "mean": 87.27329040000001
    }
  },
  "e2e_ms": {
    "p50": {
      "mean": 25728.397737
    },
    "p75": {
      "mean": 35091.9737185
    },
    "p95": {
      "mean": 43565.13652585
    },
    "p99": {
      "mean": 45095.20972198
    }
  },
  "output_throughput_tps": {
    "mean": 90.0666925479963
  },
  "total_throughput_tps": {
    "mean": 170.98598663408671
  },
  "request_throughput_rps": {
    "mean": 0.7036460355312211
  },
  "goodput_rps": {
    "mean": 0.7036460355312211
  },
  "slo": {
    "ttft_p99_ms": null,
    "tpot_p99_ms": null,
    "e2e_p99_ms": null
  },
  "completed_per_run": [
    32
  ],
  "errored_per_run": [
    0
  ],
  "bad_output_per_run": [
    0
  ],
  "malformed_stream_per_run": [
    0
  ],
  "missing_done_per_run": [
    0
  ],
  "duplicate_done_per_run": [
    0
  ],
  "zero_output_tokens_per_run": [
    0
  ],
  "stream_bulk_flush_per_run": [
    0
  ],
  "http_500_per_run": [
    0
  ],
  "panic_per_run": [
    0
  ],
  "quality_issues_per_run": [
    {
      "bad_output": 0,
      "malformed_stream": 0,
      "missing_done": 0,
      "duplicate_done": 0,
      "zero_output_tokens": 0,
      "stream_bulk_flush": 0,
      "http_500": 0,
      "panic": 0
    }
  ],
  "env": {
    "commit_sha": "517d49a0",
    "hw_id": "rtx-4090",
    "driver": "550.90.07",
    "cuda": "12.4",
    "rust": "1.96.0",
    "ferrum_features": [
      "cuda",
      "vllm-moe-marlin",
      "vllm-paged-attn-v2"
    ],
    "gpu_clock_lock_mhz": 2745,
    "gpu_power_limit_w": 450,
    "gpu_persistence_mode": true,
    "ferrum_env": {
      "FERRUM_SCHED_TRACE": "1",
      "FERRUM_UNIFIED_PROF": "1"
    },
    "runtime_config": {
      "entries": [
        {
          "key": "FERRUM_SCHED_TRACE",
          "effective_value": "1",
          "source": "env",
          "affects": [
            "performance",
            "diagnostics"
          ]
        },
        {
          "key": "FERRUM_UNIFIED_PROF",
          "effective_value": "1",
          "source": "env",
          "affects": [
            "diagnostics"
          ]
        }
      ]
    }
  },
  "env_hash": "sha256:b920db43d013d15955c1c7d32a3d6b74bc91d2fbba43148bd027fdc0926c6b45"
}