{
  "model": "Qwen/Qwen3.5-35B-A3B-GPTQ-Int4",
  "backend": "cuda",
  "scenario": "closed_loop",
  "concurrency": 32,
  "n_prompt": 256,
  "n_gen": 128,
  "actual_input_tokens": {
    "requested": 256,
    "min": 115,
    "max": 115,
    "mean": 115.0
  },
  "actual_input_tokens_per_request": [
    [
      115,
      115,
      115,
      115,
      115,
      115,
      115,
      115,
      115,
      115,
      115,
      115,
      115,
      115,
      115,
      115,
      115,
      115,
      115,
      115,
      115,
      115,
      115,
      115,
      115,
      115,
      115,
      115,
      115,
      115,
      115,
      115
    ]
  ],
  "output_tokens_per_request": [
    [
      128,
      128,
      128,
      128,
      128,
      128,
      128,
      128,
      128,
      128,
      128,
      128,
      128,
      128,
      128,
      128,
      128,
      128,
      128,
      128,
      128,
      128,
      128,
      128,
      128,
      128,
      128,
      128,
      128,
      128,
      128,
      128
    ]
  ],
  "output_token_count_source": "usage",
  "n_repeats": 1,
  "n_requests_per_run": 32,
  "warmup_requests": 4,
  "ttft_ms": {
    "p50": {
      "mean": 2634.370519
    },
    "p75": {
      "mean": 4247.698119750001
    },
    "p95": {
      "mean": 4247.7746904
    },
    "p99": {
      "mean": 4247.79964293
    }
  },
  "tpot_ms": {
    "p50": {
      "mean": 17.498492452755904
    },
    "p75": {
      "mean": 17.710010580708662
    },
    "p95": {
      "mean": 17.71838209448819
    },
    "p99": {
      "mean": 17.736201821574802
    }
  },
  "itl_ms": {
    "p50": {
      "mean": 17.3491235
    },
    "p75": {
      "mean": 18.6573105
    },
    "p95": {
      "mean": 19.707575
    },
    "p99": {
      "mean": 20.407376859999996
    }
  },
  "e2e_ms": {
    "p50": {
      "mean": 4857.0905925
    },
    "p75": {
      "mean": 6440.472843750001
    },
    "p95": {
      "mean": 6441.348855800001
    },
    "p99": {
      "mean": 6443.43827584
    }
  },
  "output_throughput_tps": {
    "mean": 635.5743934095524
  },
  "total_throughput_tps": {
    "mean": 1206.598262488447
  },
  "request_throughput_rps": {
    "mean": 4.965424948512128
  },
  "goodput_rps": {
    "mean": 4.965424948512128
  },
  "slo": {
    "ttft_p99_ms": null,
    "tpot_p99_ms": null,
    "e2e_p99_ms": null
  },
  "completed_per_run": [
    32
  ],
  "errored_per_run": [
    0
  ],
  "bad_output_per_run": [
    0
  ],
  "malformed_stream_per_run": [
    0
  ],
  "missing_done_per_run": [
    0
  ],
  "duplicate_done_per_run": [
    0
  ],
  "zero_output_tokens_per_run": [
    0
  ],
  "stream_bulk_flush_per_run": [
    0
  ],
  "http_500_per_run": [
    0
  ],
  "panic_per_run": [
    0
  ],
  "quality_issues_per_run": [
    {
      "bad_output": 0,
      "malformed_stream": 0,
      "missing_done": 0,
      "duplicate_done": 0,
      "zero_output_tokens": 0,
      "stream_bulk_flush": 0,
      "http_500": 0,
      "panic": 0
    }
  ],
  "env": {
    "commit_sha": "228933a2",
    "hw_id": "rtx-4090",
    "driver": "570.153.02",
    "cuda": "12.4",
    "rust": "1.96.0",
    "ferrum_features": [
      "cuda",
      "vllm-moe-marlin",
      "vllm-paged-attn-v2"
    ],
    "gpu_clock_lock_mhz": 2655,
    "gpu_power_limit_w": 450,
    "gpu_persistence_mode": true,
    "ferrum_env": {
      "FERRUM_SCHED_TRACE": "1",
      "FERRUM_UNIFIED_PROF": "1"
    },
    "runtime_config": {
      "entries": [
        {
          "key": "FERRUM_SCHED_TRACE",
          "effective_value": "1",
          "source": "env",
          "affects": [
            "performance",
            "diagnostics"
          ]
        },
        {
          "key": "FERRUM_UNIFIED_PROF",
          "effective_value": "1",
          "source": "env",
          "affects": [
            "diagnostics"
          ]
        }
      ]
    }
  },
  "env_hash": "sha256:25e1ea3552f9e3b8f10c6ffaf83c0ef25488a763055d6f9727524c6220d42dd2"
}