{
  "model": "gemma3:27b-gptq",
  "backend": "cuda",
  "scenario": "closed_loop",
  "concurrency": 16,
  "n_prompt": 256,
  "n_gen": 64,
  "actual_input_tokens": {
    "requested": 256,
    "min": 112,
    "max": 112,
    "mean": 112.0
  },
  "actual_input_tokens_per_request": [
    [
      112,
      112,
      112,
      112,
      112,
      112,
      112,
      112,
      112,
      112,
      112,
      112,
      112,
      112,
      112,
      112
    ]
  ],
  "output_tokens_per_request": [
    [
      64,
      64,
      64,
      64,
      64,
      64,
      64,
      64,
      64,
      64,
      64,
      64,
      64,
      64,
      64,
      64
    ]
  ],
  "output_token_count_source": "usage",
  "n_repeats": 1,
  "n_requests_per_run": 16,
  "warmup_requests": 10,
  "ttft_ms": {
    "p50": {
      "mean": 1380.6718715000002
    },
    "p75": {
      "mean": 1381.3779735
    },
    "p95": {
      "mean": 1420.7697845000002
    },
    "p99": {
      "mean": 1513.8607457
    }
  },
  "tpot_ms": {
    "p50": {
      "mean": 32.79586307142857
    },
    "p75": {
      "mean": 32.79866668253969
    },
    "p95": {
      "mean": 32.80455561111111
    },
    "p99": {
      "mean": 32.80465570634921
    }
  },
  "itl_ms": {
    "p50": {
      "mean": 31.322695000000003
    },
    "p75": {
      "mean": 31.62960725
    },
    "p95": {
      "mean": 31.880659
    },
    "p99": {
      "mean": 124.16962263
    }
  },
  "e2e_ms": {
    "p50": {
      "mean": 3446.314269
    },
    "p75": {
      "mean": 3446.63029025
    },
    "p95": {
      "mean": 3461.134306
    },
    "p99": {
      "mean": 3495.2673916
    }
  },
  "output_throughput_tps": {
    "mean": 292.23667188126956
  },
  "total_throughput_tps": {
    "mean": 803.6508476734913
  },
  "request_throughput_rps": {
    "mean": 4.566197998144837
  },
  "goodput_rps": {
    "mean": 4.566197998144837
  },
  "slo": {
    "ttft_p99_ms": null,
    "tpot_p99_ms": null,
    "e2e_p99_ms": null
  },
  "completed_per_run": [
    16
  ],
  "errored_per_run": [
    0
  ],
  "bad_output_per_run": [
    0
  ],
  "malformed_stream_per_run": [
    0
  ],
  "missing_done_per_run": [
    0
  ],
  "duplicate_done_per_run": [
    0
  ],
  "zero_output_tokens_per_run": [
    0
  ],
  "stream_bulk_flush_per_run": [
    0
  ],
  "http_500_per_run": [
    0
  ],
  "panic_per_run": [
    0
  ],
  "quality_issues_per_run": [
    {
      "bad_output": 0,
      "malformed_stream": 0,
      "missing_done": 0,
      "duplicate_done": 0,
      "zero_output_tokens": 0,
      "stream_bulk_flush": 0,
      "http_500": 0,
      "panic": 0
    }
  ],
  "env": {
    "commit_sha": "",
    "hw_id": "rtx-4090",
    "driver": "565.77",
    "cuda": "12.4",
    "rust": "1.96.0",
    "ferrum_features": [
      "cuda",
      "vllm-moe-marlin",
      "vllm-paged-attn-v2"
    ],
    "gpu_clock_lock_mhz": 2790,
    "gpu_power_limit_w": 350,
    "gpu_persistence_mode": true,
    "ferrum_env": {},
    "runtime_config": {
      "entries": []
    }
  },
  "env_hash": "sha256:3d3bcfbdec09f2cc49be4ba2a066e94f573fe3b2f2cc1083ecb9b85bebdc93be"
}