{
  "bench_rc": 0,
  "by_batch": {
    "10": {
      "attn_share_mean": 0.08275157784404825,
      "attn_us_mean": 2168.1344537815125,
      "attn_us_p95": 2427,
      "count": 119,
      "matmul_share_mean": 0.2637971148177822,
      "matmul_us_mean": 6911.621848739495,
      "matmul_us_p95": 6961,
      "norm_share_mean": 0.019273142942182818,
      "norm_us_mean": 504.96638655462186,
      "norm_us_p95": 512,
      "other_share_mean": 0.05192211842602399,
      "other_us_mean": 1360.3865546218487,
      "other_us_p95": 1397,
      "qkr_share_mean": 0.024164635894725298,
      "qkr_us_mean": 633.1260504201681,
      "qkr_us_p95": 663,
      "total_us_mean": 26200.52100840336,
      "total_us_p95": 26439,
      "unwrapped_share_mean": 0.5580914100752374,
      "unwrapped_us_mean": 14622.285714285714,
      "unwrapped_us_p95": 14703
    },
    "11": {
      "attn_share_mean": 0.09390078407720144,
      "attn_us_mean": 2491,
      "attn_us_p95": 2491,
      "count": 1,
      "matmul_share_mean": 0.26063027744270206,
      "matmul_us_mean": 6914,
      "matmul_us_p95": 6914,
      "norm_share_mean": 0.018923401688781663,
      "norm_us_mean": 502,
      "norm_us_p95": 502,
      "other_share_mean": 0.05073884197828709,
      "other_us_mean": 1346,
      "other_us_p95": 1346,
      "qkr_share_mean": 0.0236354041013269,
      "qkr_us_mean": 627,
      "qkr_us_p95": 627,
      "total_us_mean": 26528,
      "total_us_p95": 26528,
      "unwrapped_share_mean": 0.5521712907117008,
      "unwrapped_us_mean": 14648,
      "unwrapped_us_p95": 14648
    },
    "12": {
      "attn_share_mean": 0.09442462924723109,
      "attn_us_mean": 2515,
      "attn_us_p95": 2515,
      "count": 1,
      "matmul_share_mean": 0.26063450347287404,
      "matmul_us_mean": 6942,
      "matmul_us_p95": 6942,
      "norm_share_mean": 0.018922470433639947,
      "norm_us_mean": 504,
      "norm_us_p95": 504,
      "other_share_mean": 0.05057255490895438,
      "other_us_mean": 1347,
      "other_us_p95": 1347,
      "qkr_share_mean": 0.023390275952693825,
      "qkr_us_mean": 623,
      "qkr_us_p95": 623,
      "total_us_mean": 26635,
      "total_us_p95": 26635,
      "unwrapped_share_mean": 0.5520555659846067,
      "unwrapped_us_mean": 14704,
      "unwrapped_us_p95": 14704
    },
    "13": {
      "attn_share_mean": 0.07546847411288944,
      "attn_us_mean": 1987.5,
      "attn_us_p95": 1987,
      "count": 2,
      "matmul_share_mean": 0.26496554080993334,
      "matmul_us_mean": 6978,
      "matmul_us_p95": 6962,
      "norm_share_mean": 0.0191376658882497,
      "norm_us_mean": 504,
      "norm_us_p95": 503,
      "other_share_mean": 0.05490687475081164,
      "other_us_mean": 1446,
      "other_us_p95": 1431,
      "qkr_share_mean": 0.024035997038218373,
      "qkr_us_mean": 633,
      "qkr_us_p95": 625,
      "total_us_mean": 26335.5,
      "total_us_p95": 26258,
      "unwrapped_share_mean": 0.5614854473998975,
      "unwrapped_us_mean": 14787,
      "unwrapped_us_p95": 14750
    },
    "15": {
      "attn_share_mean": 0.09904070521130412,
      "attn_us_mean": 2674,
      "attn_us_p95": 2674,
      "count": 1,
      "matmul_share_mean": 0.25882440090373715,
      "matmul_us_mean": 6988,
      "matmul_us_p95": 6988,
      "norm_share_mean": 0.01855624282380829,
      "norm_us_mean": 501,
      "norm_us_p95": 501,
      "other_share_mean": 0.050668543279380716,
      "other_us_mean": 1368,
      "other_us_p95": 1368,
      "qkr_share_mean": 0.023445312789362568,
      "qkr_us_mean": 633,
      "qkr_us_p95": 633,
      "total_us_mean": 26999,
      "total_us_p95": 26999,
      "unwrapped_share_mean": 0.5494647949924071,
      "unwrapped_us_mean": 14835,
      "unwrapped_us_p95": 14835
    },
    "16": {
      "attn_share_mean": 0.09012548362650073,
      "attn_us_mean": 2414.034188034188,
      "attn_us_p95": 2713,
      "count": 117,
      "matmul_share_mean": 0.2605949503410315,
      "matmul_us_mean": 6980.102564102564,
      "matmul_us_p95": 7030,
      "norm_share_mean": 0.018685174105540266,
      "norm_us_mean": 500.4871794871795,
      "norm_us_p95": 507,
      "other_share_mean": 0.05119061864305373,
      "other_us_mean": 1371.1538461538462,
      "other_us_p95": 1397,
      "qkr_share_mean": 0.02372877029236967,
      "qkr_us_mean": 635.5811965811965,
      "qkr_us_p95": 656,
      "total_us_mean": 26785.25641025641,
      "total_us_p95": 27077,
      "unwrapped_share_mean": 0.5556750029915041,
      "unwrapped_us_mean": 14883.897435897436,
      "unwrapped_us_p95": 14949
    },
    "3": {
      "attn_share_mean": 0.08785720771555694,
      "attn_us_mean": 2257.6666666666665,
      "attn_us_p95": 2258,
      "count": 3,
      "matmul_share_mean": 0.2638829435342647,
      "matmul_us_mean": 6781,
      "matmul_us_p95": 6788,
      "norm_share_mean": 0.019548326004332543,
      "norm_us_mean": 502.3333333333333,
      "norm_us_p95": 503,
      "other_share_mean": 0.05105654356539674,
      "other_us_mean": 1312,
      "other_us_p95": 1308,
      "qkr_share_mean": 0.02421813181824078,
      "qkr_us_mean": 622.3333333333334,
      "qkr_us_p95": 622,
      "total_us_mean": 25697,
      "total_us_p95": 25697,
      "unwrapped_share_mean": 0.5534368473622083,
      "unwrapped_us_mean": 14221.666666666666,
      "unwrapped_us_p95": 14214
    },
    "4": {
      "attn_share_mean": 0.07411291324881929,
      "attn_us_mean": 1908.2,
      "attn_us_p95": 1895,
      "count": 5,
      "matmul_share_mean": 0.2676174496644295,
      "matmul_us_mean": 6890.4,
      "matmul_us_p95": 6971,
      "norm_share_mean": 0.01997110365398956,
      "norm_us_mean": 514.2,
      "norm_us_p95": 527,
      "other_share_mean": 0.05337279393487447,
      "other_us_mean": 1374.2,
      "other_us_p95": 1410,
      "qkr_share_mean": 0.027350546855580412,
      "qkr_us_mean": 704.2,
      "qkr_us_p95": 731,
      "total_us_mean": 25747.2,
      "total_us_p95": 25962,
      "unwrapped_share_mean": 0.5575751926423067,
      "unwrapped_us_mean": 14356,
      "unwrapped_us_p95": 14400
    },
    "5": {
      "attn_share_mean": 0.08888289052558516,
      "attn_us_mean": 2305,
      "attn_us_p95": 2305,
      "count": 1,
      "matmul_share_mean": 0.26360235992750547,
      "matmul_us_mean": 6836,
      "matmul_us_p95": 6836,
      "norm_share_mean": 0.019396136197123357,
      "norm_us_mean": 503,
      "norm_us_p95": 503,
      "other_share_mean": 0.050900397177341614,
      "other_us_mean": 1320,
      "other_us_p95": 1320,
      "qkr_share_mean": 0.024177688659237265,
      "qkr_us_mean": 627,
      "qkr_us_p95": 627,
      "total_us_mean": 25933,
      "total_us_p95": 25933,
      "unwrapped_share_mean": 0.5530405275132071,
      "unwrapped_us_mean": 14342,
      "unwrapped_us_p95": 14342
    },
    "6": {
      "attn_share_mean": 0.08480602825261616,
      "attn_us_mean": 2200.25,
      "attn_us_p95": 2332,
      "count": 4,
      "matmul_share_mean": 0.2638805912621172,
      "matmul_us_mean": 6846.25,
      "matmul_us_p95": 6836,
      "norm_share_mean": 0.01952244213609821,
      "norm_us_mean": 506.5,
      "norm_us_p95": 503,
      "other_share_mean": 0.05167761953400528,
      "other_us_mean": 1340.75,
      "other_us_p95": 1352,
      "qkr_share_mean": 0.024176607758869897,
      "qkr_us_mean": 627.25,
      "qkr_us_p95": 625,
      "total_us_mean": 25944.5,
      "total_us_p95": 25989,
      "unwrapped_share_mean": 0.5559367110562933,
      "unwrapped_us_mean": 14423.5,
      "unwrapped_us_p95": 14411
    },
    "7": {
      "attn_share_mean": 0.07067669172932331,
      "attn_us_mean": 1817.3333333333333,
      "attn_us_p95": 1819,
      "count": 3,
      "matmul_share_mean": 0.26791547835105006,
      "matmul_us_mean": 6889,
      "matmul_us_p95": 6884,
      "norm_share_mean": 0.019535908737360642,
      "norm_us_mean": 502.3333333333333,
      "norm_us_p95": 502,
      "other_share_mean": 0.05357791029297382,
      "other_us_mean": 1377.6666666666667,
      "other_us_p95": 1376,