{
  "model": "gemma3:27b-gptq",
  "backend": "cuda",
  "scenario": "closed_loop",
  "concurrency": 16,
  "n_prompt": 256,
  "n_gen": 64,
  "actual_input_tokens": {
    "requested": 256,
    "min": 112,
    "max": 112,
    "mean": 112.0
  },
  "actual_input_tokens_per_request": [
    [
      112,
      112,
      112,
      112,
      112,
      112,
      112,
      112,
      112,
      112,
      112,
      112,
      112,
      112,
      112,
      112
    ]
  ],
  "output_token_count_source": "usage",
  "n_repeats": 1,
  "n_requests_per_run": 16,
  "warmup_requests": 10,
  "ttft_ms": {
    "p50": {
      "mean": 889.5576269999999
    },
    "p75": {
      "mean": 1171.0238752500002
    },
    "p95": {
      "mean": 1452.947552
    },
    "p99": {
      "mean": 1452.96182
    }
  },
  "tpot_ms": {
    "p50": {
      "mean": 32.80351443650794
    },
    "p75": {
      "mean": 37.77674480158729
    },
    "p95": {
      "mean": 40.76210301190476
    },
    "p99": {
      "mean": 40.765871726190475
    }
  },
  "itl_ms": {
    "p50": {
      "mean": 24.678397
    },
    "p75": {
      "mean": 24.959681
    },
    "p95": {
      "mean": 25.244007
    },
    "p99": {
      "mean": 281.83736230000005
    }
  },
  "e2e_ms": {
    "p50": {
      "mean": 2956.0413750000002
    },
    "p75": {
      "mean": 2980.11555875
    },
    "p95": {
      "mean": 3003.62039075
    },
    "p99": {
      "mean": 3003.73644455
    }
  },
  "output_throughput_tps": {
    "mean": 340.8821099569308
  },
  "total_throughput_tps": {
    "mean": 937.4258023815596
  },
  "request_throughput_rps": {
    "mean": 5.326282968077043
  },
  "goodput_rps": {
    "mean": 5.326282968077043
  },
  "slo": {
    "ttft_p99_ms": null,
    "tpot_p99_ms": null,
    "e2e_p99_ms": null
  },
  "completed_per_run": [
    16
  ],
  "errored_per_run": [
    0
  ],
  "bad_output_per_run": [
    0
  ],
  "malformed_stream_per_run": [
    0
  ],
  "missing_done_per_run": [
    0
  ],
  "duplicate_done_per_run": [
    0
  ],
  "zero_output_tokens_per_run": [
    0
  ],
  "stream_bulk_flush_per_run": [
    0
  ],
  "http_500_per_run": [
    0
  ],
  "panic_per_run": [
    0
  ],
  "quality_issues_per_run": [
    {
      "bad_output": 0,
      "malformed_stream": 0,
      "missing_done": 0,
      "duplicate_done": 0,
      "zero_output_tokens": 0,
      "stream_bulk_flush": 0,
      "http_500": 0,
      "panic": 0
    }
  ],
  "env": {
    "commit_sha": "4eeea0ba",
    "hw_id": "rtx-4090",
    "driver": "565.77",
    "cuda": "12.4",
    "rust": "1.96.0",
    "ferrum_features": [
      "cuda",
      "vllm-moe-marlin",
      "vllm-paged-attn-v2"
    ],
    "gpu_clock_lock_mhz": 2790,
    "gpu_power_limit_w": 350,
    "gpu_persistence_mode": true,
    "ferrum_env": {},
    "runtime_config": {
      "entries": []
    }
  },
  "env_hash": "sha256:0058499e81a4d01f36c0acab060518cd6e2ee0f573d52692f608fa7810ceffd5"
}