{
  "backend": "cuda",
  "completed_per_run": [
    128,
    128,
    128,
    128,
    128
  ],
  "concurrency": 32,
  "e2e_ms": {
    "p50": {
      "ci95_hw": 156.8233979635942,
      "mean": 5347.3057266000005,
      "stddev": 126.32124578858026
    },
    "p75": {
      "ci95_hw": 184.20391552030418,
      "mean": 5464.8618305,
      "stddev": 148.37625245858385
    },
    "p95": {
      "ci95_hw": 175.53218006415975,
      "mean": 6180.242031719999,
      "stddev": 141.3911696189462
    },
    "p99": {
      "ci95_hw": 207.50876841931566,
      "mean": 6417.498727182,
      "stddev": 167.14831127984561
    }
  },
  "env": {
    "commit_sha": "",
    "cuda": "13.0",
    "driver": "580.159.04",
    "ferrum_env": {
      "FERRUM_GRAPH": "1",
      "FERRUM_GRAPH_SKIP_UPLOAD": "1",
      "FERRUM_GREEDY_ARGMAX": "1",
      "FERRUM_KV_MAX_BLOCKS": "2048",
      "FERRUM_MOE_DEVICE_ROUTE": "1",
      "FERRUM_MOE_STREAMS": "4",
      "FERRUM_PAGED_MAX_SEQS": "32"
    },
    "ferrum_features": [
      "cuda",
      "vllm-moe-marlin",
      "vllm-paged-attn-v2"
    ],
    "gpu_clock_lock_mhz": 2790,
    "gpu_persistence_mode": true,
    "gpu_power_limit_w": 300,
    "hw_id": "rtx-4090",
    "rust": "unknown"
  },
  "env_hash": "sha256:8e30b71cb8831a1946d66a616614436fad5d7b45f9d8c5426dcd785a46a056e6",
  "errored_per_run": [
    0,
    0,
    0,
    0,
    0
  ],
  "goodput_rps": {
    "ci95_hw": 0.12633694611766524,
    "mean": 6.039073702484613,
    "stddev": 0.10176440907378519
  },
  "itl_ms": {
    "p50": {
      "ci95_hw": 0.3655535863448928,
      "mean": 27.3208102,
      "stddev": 0.2944534108379032
    },
    "p75": {
      "ci95_hw": 0.26989688042897886,
      "mean": 28.4260212,
      "stddev": 0.21740193499795726
    },
    "p95": {
      "ci95_hw": 12.002581450216606,
      "mean": 131.13778701999985,
      "stddev": 9.668079260865397
    },
    "p99": {
      "ci95_hw": 8.060744165394363,
      "mean": 162.91736709400004,
      "stddev": 6.492929359890708
    }
  },
  "model": "Qwen/Qwen3-30B-A3B-GPTQ-Int4",
  "n_gen": 128,
  "n_prompt": 256,
  "n_repeats": 5,
  "n_requests_per_run": 128,
  "output_throughput_tps": {
    "ci95_hw": 19.270162189075663,
    "mean": 761.9517394138941,
    "stddev": 15.522115487110716
  },
  "request_throughput_rps": {
    "ci95_hw": 0.12633694611766524,
    "mean": 6.039073702484613,
    "stddev": 0.10176440907378519
  },
  "scenario": "closed_loop",
  "slo": {
    "e2e_p99_ms": null,
    "tpot_p99_ms": null,
    "ttft_p99_ms": null
  },
  "total_throughput_tps": {
    "ci95_hw": 50.00744125850452,
    "mean": 2307.9546072499547,
    "stddev": 40.28099352840193
  },
  "tpot_ms": {
    "p50": {
      "ci95_hw": 1.0294552338054135,
      "mean": 38.7148344359375,
      "stddev": 0.8292261824862552
    },
    "p75": {
      "ci95_hw": 0.9986058316209683,
      "mean": 39.50586283790322,
      "stddev": 0.8043769892767271
    },
    "p95": {
      "ci95_hw": 1.5383093074371594,
      "mean": 41.030775696611876,
      "stddev": 1.2391081346722304
    },
    "p99": {
      "ci95_hw": 37.54976374936702,
      "mean": 63.7344342829555,
      "stddev": 30.246334395764418
    }
  },
  "ttft_ms": {
    "p50": {
      "ci95_hw": 69.08251243170587,
      "mean": 347.9546599,
      "stddev": 55.645963203807135
    },
    "p75": {
      "ci95_hw": 24.33244072436389,
      "mean": 470.46606185,
      "stddev": 19.599780806254284
    },
    "p95": {
      "ci95_hw": 163.77816005234087,
      "mean": 1348.3784137399987,
      "stddev": 131.9233065946955
    },
    "p99": {
      "ci95_hw": 210.3351217538335,
      "mean": 1578.4922921539996,
      "stddev": 169.4249388678914
    }
  },
  "warmup_requests": 10
}