{
  "actual_status": "running",
  "bundle_id": 418677921,
  "bw_nvlink": 0.0,
  "client_run_time": 1.1,
  "compute_cap": 890,
  "cpu_arch": "amd64",
  "cpu_cores": 256,
  "cpu_cores_effective": 32.0,
  "cpu_name": "AMD EPYC 7C13 64-Core Processor",
  "cpu_ram": 1031846,
  "cpu_util": 0.0,
  "credit_balance": null,
  "credit_discount": null,
  "credit_discount_max": 0.0,
  "cuda_max_good": 12.4,
  "cur_state": "running",
  "direct_port_count": 12,
  "direct_port_end": 34754,
  "direct_port_start": 34754,
  "disk_bw": 3247.290837274043,
  "disk_name": "Dell Ent NVMe v2 AGN RI U.2 15.36TB",
  "disk_space": 350.0,
  "disk_usage": 28.0,
  "disk_util": 28.0,
  "dlperf": 96.62809737851825,
  "dlperf_per_dphtotal": 165.75340719313806,
  "dph_base": 0.45333333333333337,
  "dph_total": 0.5829629629629629,
  "driver_version": "550.90.07",
  "duration": 4411037.454756975,
  "end_date": 1786758240.0,
  "external": false,
  "extra_env": [],
  "flops_per_dphtotal": 139.6241565438374,
  "geolocation": "Utah, US",
  "gpu_arch": "nvidia",
  "gpu_display_active": false,
  "gpu_frac": 0.125,
  "gpu_lanes": 16,
  "gpu_mem_bw": 876.9,
  "gpu_name": "RTX 4090",
  "gpu_ram": 24564,
  "gpu_temp": 47.999954,
  "gpu_totalram": 24564,
  "gpu_util": 80.999924,
  "has_avx": 1,
  "host_id": 34742,
  "host_run_time": 1.0,
  "hosting_type": null,
  "id": 42439308,
  "image_args": [],
  "image_runtype": "ssh_direct",
  "image_uuid": "nvidia/cuda:12.4.0-devel-ubuntu22.04",
  "inet_down": 7406.9,
  "inet_down_billed": 25060966.4,
  "inet_down_cost": 0.010416666666666666,
  "inet_up": 6437.6,
  "inet_up_billed": 201728.0,
  "inet_up_cost": 0.010416666666666666,
  "instance": {
    "gpuCostPerHour": 0.45333333333333337,
    "diskHour": 0.1296296296296296,
    "slaPremiumPerHour": 0.0,
    "totalHour": 0.5829629629629629,
    "discountTotalHour": 0,
    "discountedTotalPerHour": 0
  },
  "intended_status": "running",
  "internet_down_cost_per_tb": 10.666666666666666,
  "internet_up_cost_per_tb": 10.666666666666666,
  "is_bid": false,
  "jupyter_token": "8a1a3c09141ba7625c88d560251c5e5f941ef57afe0af3b60ad5241bbcee32f5",
  "label": "ferrum-w3-qwen35-no-preempt-032dda17",
  "local_ipaddrs": "172.31.31.137 192.168.122.1 172.17.0.1 \n",
  "logo": "/static/logos/vastai_small2.png",
  "machine_dir_ssh_port": 34799,
  "machine_id": 26385,
  "mem_limit": 358.612992,
  "mem_usage": 0.3140608,
  "min_bid": 0.39999999999999997,
  "mobo_name": "ROME2D32GM-2T",
  "next_state": "running",
  "num_gpus": 1,
  "onstart": "apt-get update -qq && DEBIAN_FRONTEND=noninteractive apt-get install -y -qq openssh-server git curl ca-certificates build-essential pkg-config libssl-dev python3 python3-pip jq rsync cmake tmux gzip xz-utils >/tmp/ferrum_bootstrap.log 2>&1; mkdir -p /run/sshd /root/.ssh /workspace; echo c3NoLWVkMjU1MTkgQUFBQUMzTnphQzFsWkRJMU5URTVBQUFBSUs0SmEwZWE4Uk4vMDBZYkdsbWI4cGwvancyZEdEdzYyVjhhQ1dtdDZkK2cgcnVucG9k | base64 -d > /root/.ssh/authorized_keys; chmod 700 /root/.ssh; chmod 600 /root/.ssh/authorized_keys; date -u >> /tmp/ferrum_bootstrap.log; sleep infinity",
  "os_version": "22.04",
  "pci_gen": 4.0,
  "pcie_bw": 18.5,
  "ports": {
    "22/tcp": [
      {
        "HostIp": "0.0.0.0",
        "HostPort": "34754"
      },
      {
        "HostIp": "::",
        "HostPort": "34754"
      }
    ]
  },
  "public_ipaddr": "136.59.129.136",
  "reliability2": 0.9984423,
  "rentable": true,
  "score": 163.21018636521086,
  "search": {
    "gpuCostPerHour": 0.45333333333333337,
    "diskHour": 0.1296296296296296,
    "slaPremiumPerHour": 0.0,
    "totalHour": 0.5829629629629629,
    "discountTotalHour": 0,
    "discountedTotalPerHour": 0.5829629629629629
  },
  "sla_r_claim": null,
  "sla_sigma_x": null,
  "ssh_host": "ssh6.vast.ai",
  "ssh_idx": "6",
  "ssh_port": 39308,
  "start_date": 1782341632.9698775,
  "static_ip": false,
  "status_msg": "success, running nvidia/cuda_12.4.0-devel-ubuntu22.04/ssh",
  "storage_cost": 0.2666666666666666,
  "storage_total_cost": 0.1296296296296296,
  "target_reliability": 0.0,
  "template_hash_id": null,
  "template_id": null,
  "time_remaining": "Unlimited",
  "time_remaining_isbid": "Unlimited",
  "total_flops": 81.395712,
  "uptime_mins": -267.5985561688741,
  "verification": "verified",
  "vmem_usage": 23.620094,
  "vram_costperhour": 0.000023732411779961036,
  "webpage": null,
  "country_code": "US",
  "volume_info": [],
  "template_name": null
}
