{
  "model": "Qwen/Qwen3.5-35B-A3B-GPTQ-Int4",
  "backend": "cuda",
  "scenario": "closed_loop",
  "concurrency": 16,
  "n_prompt": 256,
  "n_gen": 128,
  "actual_input_tokens": {
    "requested": 256,
    "min": 115,
    "max": 115,
    "mean": 115.0
  },
  "actual_input_tokens_per_request": [
    [
      115,
      115,
      115,
      115,
      115,
      115,
      115,
      115,
      115,
      115,
      115,
      115,
      115,
      115,
      115,
      115,
      115,
      115,
      115,
      115,
      115,
      115,
      115,
      115,
      115,
      115,
      115,
      115,
      115,
      115,
      115,
      115
    ]
  ],
  "output_tokens_per_request": [
    [
      128,
      128,
      128,
      128,
      128,
      128,
      128,
      128,
      128,
      128,
      128,
      128,
      128,
      128,
      128,
      128,
      128,
      128,
      128,
      128,
      128,
      128,
      128,
      128,
      128,
      128,
      128,
      128,
      128,
      128,
      128,
      128
    ]
  ],
  "output_token_count_source": "usage",
  "n_repeats": 1,
  "n_requests_per_run": 32,
  "warmup_requests": 4,
  "ttft_ms": {
    "p50": {
      "mean": 709.543016
    },
    "p75": {
      "mean": 736.44738175
    },
    "p95": {
      "mean": 764.5376501999999
    },
    "p99": {
      "mean": 764.54601887
    }
  },
  "tpot_ms": {
    "p50": {
      "mean": 17.95877285433071
    },
    "p75": {
      "mean": 17.96460987598425
    },
    "p95": {
      "mean": 17.97906084212599
    },
    "p99": {
      "mean": 17.993255772677166
    }
  },
  "itl_ms": {
    "p50": {
      "mean": 17.802138
    },
    "p75": {
      "mean": 18.902482000000003
    },
    "p95": {
      "mean": 19.820438
    },
    "p99": {
      "mean": 21.169579600000006
    }
  },
  "e2e_ms": {
    "p50": {
      "mean": 2985.277381
    },
    "p75": {
      "mean": 3016.4688964999996
    },
    "p95": {
      "mean": 3017.64761555
    },
    "p99": {
      "mean": 3020.00022838
    }
  },
  "output_throughput_tps": {
    "mean": 685.9364276426528
  },
  "total_throughput_tps": {
    "mean": 1302.2074368528488
  },
  "request_throughput_rps": {
    "mean": 5.358878340958225
  },
  "goodput_rps": {
    "mean": 5.358878340958225
  },
  "slo": {
    "ttft_p99_ms": null,
    "tpot_p99_ms": null,
    "e2e_p99_ms": null
  },
  "completed_per_run": [
    32
  ],
  "errored_per_run": [
    0
  ],
  "bad_output_per_run": [
    0
  ],
  "malformed_stream_per_run": [
    0
  ],
  "missing_done_per_run": [
    0
  ],
  "duplicate_done_per_run": [
    0
  ],
  "zero_output_tokens_per_run": [
    0
  ],
  "stream_bulk_flush_per_run": [
    0
  ],
  "http_500_per_run": [
    0
  ],
  "panic_per_run": [
    0
  ],
  "quality_issues_per_run": [
    {
      "bad_output": 0,
      "malformed_stream": 0,
      "missing_done": 0,
      "duplicate_done": 0,
      "zero_output_tokens": 0,
      "stream_bulk_flush": 0,
      "http_500": 0,
      "panic": 0
    }
  ],
  "env": {
    "commit_sha": "9cc0e77d",
    "hw_id": "rtx-4090",
    "driver": "570.153.02",
    "cuda": "12.4",
    "rust": "1.96.0",
    "ferrum_features": [
      "cuda",
      "vllm-moe-marlin",
      "vllm-paged-attn-v2"
    ],
    "gpu_clock_lock_mhz": 2655,
    "gpu_power_limit_w": 450,
    "gpu_persistence_mode": true,
    "ferrum_env": {},
    "runtime_config": {
      "entries": []
    }
  },
  "env_hash": "sha256:2cf2ece970a1a9923aedb4d70b16b2cd3c7d106f8e6c7184871fa7026c9438d1"
}