{
  "backend": "cuda",
  "completed_per_run": [
    128,
    128,
    128,
    128,
    128
  ],
  "concurrency": 16,
  "e2e_ms": {
    "p50": {
      "ci95_hw": 50.194347430721955,
      "mean": 3043.5494762000003,
      "stddev": 40.431546448608145
    },
    "p75": {
      "ci95_hw": 46.46589869358414,
      "mean": 3080.337673,
      "stddev": 37.4282810210637
    },
    "p95": {
      "ci95_hw": 66.46028431713674,
      "mean": 3153.6626501399996,
      "stddev": 53.53375847877556
    },
    "p99": {
      "ci95_hw": 59.74412274072943,
      "mean": 3265.79018527,
      "stddev": 48.12389038341573
    }
  },
  "env": {
    "commit_sha": "",
    "cuda": "13.0",
    "driver": "580.159.04",
    "ferrum_env": {
      "FERRUM_GRAPH": "1",
      "FERRUM_GRAPH_SKIP_UPLOAD": "1",
      "FERRUM_GREEDY_ARGMAX": "1",
      "FERRUM_KV_MAX_BLOCKS": "2048",
      "FERRUM_MOE_DEVICE_ROUTE": "1",
      "FERRUM_MOE_STREAMS": "4",
      "FERRUM_PAGED_MAX_SEQS": "32"
    },
    "ferrum_features": [
      "cuda",
      "vllm-moe-marlin",
      "vllm-paged-attn-v2"
    ],
    "gpu_clock_lock_mhz": 2775,
    "gpu_persistence_mode": true,
    "gpu_power_limit_w": 300,
    "hw_id": "rtx-4090",
    "rust": "unknown"
  },
  "env_hash": "sha256:52d66c30c7e52c387c4403f34ef829147213e60c4420208bd649cdda9cc504f5",
  "errored_per_run": [
    0,
    0,
    0,
    0,
    0
  ],
  "goodput_rps": {
    "ci95_hw": 0.06600964027831359,
    "mean": 5.301784760943067,
    "stddev": 0.0531707647091561
  },
  "itl_ms": {
    "p50": {
      "ci95_hw": 0.10603656428070438,
      "mean": 17.852696899999998,
      "stddev": 0.08541245166865313
    },
    "p75": {
      "ci95_hw": 0.11078301831558188,
      "mean": 18.3333372,
      "stddev": 0.0892357203552757
    },
    "p95": {
      "ci95_hw": 31.51828669289074,
      "mean": 43.177742669999986,
      "stddev": 25.387979675659487
    },
    "p99": {
      "ci95_hw": 2.3436726168481634,
      "mean": 134.816054234,
      "stddev": 1.8878282738751127
    }
  },
  "model": "Qwen/Qwen3-30B-A3B-GPTQ-Int4",
  "n_gen": 128,
  "n_prompt": 256,
  "n_repeats": 5,
  "n_requests_per_run": 128,
  "output_throughput_tps": {
    "ci95_hw": 14.546264370918548,
    "mean": 670.5956575188955,
    "stddev": 11.717015832873592
  },
  "request_throughput_rps": {
    "ci95_hw": 0.06600964027831359,
    "mean": 5.301784760943067,
    "stddev": 0.0531707647091561
  },
  "scenario": "closed_loop",
  "slo": {
    "e2e_p99_ms": null,
    "tpot_p99_ms": null,
    "ttft_p99_ms": null
  },
  "total_throughput_tps": {
    "ci95_hw": 31.09470584683672,
    "mean": 2027.852556320321,
    "stddev": 25.04678530759621
  },
  "tpot_ms": {
    "p50": {
      "ci95_hw": 0.7678945875972045,
      "mean": 21.556234581250003,
      "stddev": 0.6185390840855607
    },
    "p75": {
      "ci95_hw": 0.8745135154371598,
      "mean": 22.31978587879174,
      "stddev": 0.7044206295964702
    },
    "p95": {
      "ci95_hw": 0.6916446775053143,
      "mean": 23.304272394782497,
      "stddev": 0.5571197821245687
    },
    "p99": {
      "ci95_hw": 1.9795809792527692,
      "mean": 24.494476910929574,
      "stddev": 1.5945524627430812
    }
  },
  "ttft_ms": {
    "p50": {
      "ci95_hw": 32.38734931379058,
      "mean": 272.45830970000003,
      "stddev": 26.08800960975033
    },
    "p75": {
      "ci95_hw": 33.761319411667124,
      "mean": 375.6408690500001,
      "stddev": 27.194742512453494
    },
    "p95": {
      "ci95_hw": 56.52565066923444,
      "mean": 490.8417253399997,
      "stddev": 45.53141115591308
    },
    "p99": {
      "ci95_hw": 57.97499052636941,
      "mean": 723.056925634,
      "stddev": 46.69885439908802
    }
  },
  "warmup_requests": 10
}