{
  "actual_status": "exited",
  "bundle_id": 418610402,
  "bw_nvlink": 0.0,
  "client_run_time": 1.1,
  "compute_cap": 890,
  "cpu_arch": "amd64",
  "cpu_cores": 32,
  "cpu_cores_effective": 6.4,
  "cpu_name": "AMD Ryzen Threadripper PRO 3955WX 16-Cores",
  "cpu_ram": 515697,
  "cpu_util": 15.642187499999999,
  "credit_balance": null,
  "credit_discount": null,
  "credit_discount_max": 0.4,
  "cuda_max_good": 12.7,
  "cur_state": "running",
  "direct_port_count": 200,
  "direct_port_end": -1,
  "direct_port_start": 65535,
  "disk_bw": 3469.4100000000003,
  "disk_name": "Samsung SSD 980 PRO 2TB",
  "disk_space": 120.0,
  "disk_usage": 63.0,
  "disk_util": 63.0,
  "dlperf": 83.62614338739887,
  "dlperf_per_dphtotal": 196.818852114694,
  "dph_base": 0.39999999999999997,
  "dph_total": 0.42488888888888887,
  "driver_version": "565.77",
  "duration": 19858054.077124596,
  "end_date": 1801363512.0,
  "external": false,
  "flops_per_dphtotal": 191.5694058577406,
  "geolocation": "Iceland, IS",
  "gpu_arch": "nvidia",
  "gpu_display_active": false,
  "gpu_frac": 0.2,
  "gpu_lanes": 16,
  "gpu_mem_bw": 896.5,
  "gpu_name": "RTX 4090",
  "gpu_ram": 24564,
  "gpu_temp": 24.999977,
  "gpu_totalram": 24564,
  "gpu_util": 0.0,
  "has_avx": 1,
  "host_id": 1647,
  "host_run_time": 1.0,
  "hosting_type": 1,
  "id": 40826362,
  "image_args": [],
  "image_runtype": "ssh",
  "image_uuid": "nvidia/cuda:12.4.0-devel-ubuntu22.04",
  "inet_down": 3370.8,
  "inet_down_billed": null,
  "inet_down_cost": 0.0000013020833333333333,
  "inet_up": 2959.8,
  "inet_up_billed": null,
  "inet_up_cost": 0.0000026041666666666666,
  "instance": {
    "gpuCostPerHour": 0,
    "diskHour": 0.02488888888888889,
    "slaPremiumPerHour": 0,
    "totalHour": 0.02488888888888889,
    "discountTotalHour": 0,
    "discountedTotalPerHour": 0.02488888888888889
  },
  "intended_status": "running",
  "internet_down_cost_per_tb": 0.0013333333333333333,
  "internet_up_cost_per_tb": 0.0026666666666666666,
  "is_bid": false,
  "label": null,
  "local_ipaddrs": "192.168.50.117 169.254.3.1 172.17.0.1 192.168.122.1 \n",
  "logo": "/static/logos/vastai_small2.png",
  "machine_dir_ssh_port": 28000,
  "machine_id": 15970,
  "mem_limit": 226.7021312,
  "mem_usage": 2.355101696,
  "min_bid": 0.3893333333333333,
  "mobo_name": "M12SWA-TF",
  "next_state": "running",
  "num_gpus": 1,
  "os_version": "20.04",
  "pci_gen": 4.0,
  "pcie_bw": 12.7,
  "public_ipaddr": "213.181.123.23",
  "reliability2": 0.996542,
  "rentable": true,
  "score": 190.2362652876033,
  "search": {
    "gpuCostPerHour": 0.39999999999999997,
    "diskHour": 0.02488888888888889,
    "slaPremiumPerHour": 0.0,
    "totalHour": 0.42488888888888887,
    "discountTotalHour": 0,
    "discountedTotalPerHour": 0.42488888888888887
  },
  "sla_r_claim": null,
  "sla_sigma_x": null,
  "ssh_host": "ssh9.vast.ai",
  "ssh_idx": "9",
  "ssh_port": 26362,
  "start_date": 1781359791.166909,
  "static_ip": false,
  "status_msg": "success, running nvidia/cuda_12.4.0-devel-ubuntu22.04/ssh",
  "storage_cost": 0.14933333333333335,
  "storage_total_cost": 0.02488888888888889,
  "target_reliability": 0.0,
  "template_hash_id": null,
  "template_id": null,
  "time_remaining": "",
  "time_remaining_isbid": "",
  "total_flops": 81.395712,
  "uptime_mins": 25.330469330151875,
  "verification": "verified",
  "vmem_usage": 0.446289,
  "vram_costperhour": 0.000017297219055890283,
  "webpage": null,
  "template_name": null
}
