{
  "model": "Qwen/Qwen3.5-35B-A3B-GPTQ-Int4",
  "backend": "cuda",
  "scenario": "closed_loop",
  "concurrency": 32,
  "n_prompt": 256,
  "n_gen": 128,
  "actual_input_tokens": {
    "requested": 256,
    "min": 115,
    "max": 115,
    "mean": 115.0
  },
  "actual_input_tokens_per_request": [
    [
      115,
      115,
      115,
      115,
      115,
      115,
      115,
      115,
      115,
      115,
      115,
      115,
      115,
      115,
      115,
      115,
      115,
      115,
      115,
      115,
      115,
      115,
      115,
      115,
      115,
      115,
      115,
      115,
      115,
      115,
      115,
      115
    ]
  ],
  "output_tokens_per_request": [
    [
      128,
      128,
      128,
      128,
      128,
      128,
      128,
      128,
      128,
      128,
      128,
      128,
      128,
      128,
      128,
      128,
      128,
      128,
      128,
      128,
      128,
      128,
      128,
      128,
      128,
      128,
      128,
      128,
      128,
      128,
      128,
      128
    ]
  ],
  "output_token_count_source": "usage",
  "n_repeats": 1,
  "n_requests_per_run": 32,
  "warmup_requests": 4,
  "ttft_ms": {
    "p50": {
      "mean": 1932.0357804999999
    },
    "p75": {
      "mean": 1932.09248875
    },
    "p95": {
      "mean": 1932.15851625
    },
    "p99": {
      "mean": 1932.1861083700003
    }
  },
  "tpot_ms": {
    "p50": {
      "mean": 48.602509897637795
    },
    "p75": {
      "mean": 77.39922515354331
    },
    "p95": {
      "mean": 90.4049500027559
    },
    "p99": {
      "mean": 91.92503361803149
    }
  },
  "itl_ms": {
    "p50": {
      "mean": 36.6092875
    },
    "p75": {
      "mean": 48.6528945
    },
    "p95": {
      "mean": 57.57895800000001
    },
    "p99": {
      "mean": 114.6270582
    }
  },
  "e2e_ms": {
    "p50": {
      "mean": 8104.499948
    },
    "p75": {
      "mean": 11761.779295249999
    },
    "p95": {
      "mean": 13413.473962099999
    },
    "p99": {
      "mean": 13606.55752314
    }
  },
  "output_throughput_tps": {
    "mean": 300.61644825014713
  },
  "total_throughput_tps": {
    "mean": 570.7015384748887
  },
  "request_throughput_rps": {
    "mean": 2.3485660019542745
  },
  "goodput_rps": {
    "mean": 2.3485660019542745
  },
  "slo": {
    "ttft_p99_ms": null,
    "tpot_p99_ms": null,
    "e2e_p99_ms": null
  },
  "completed_per_run": [
    32
  ],
  "errored_per_run": [
    0
  ],
  "bad_output_per_run": [
    0
  ],
  "malformed_stream_per_run": [
    0
  ],
  "missing_done_per_run": [
    0
  ],
  "duplicate_done_per_run": [
    0
  ],
  "zero_output_tokens_per_run": [
    0
  ],
  "stream_bulk_flush_per_run": [
    0
  ],
  "http_500_per_run": [
    0
  ],
  "panic_per_run": [
    0
  ],
  "quality_issues_per_run": [
    {
      "bad_output": 0,
      "malformed_stream": 0,
      "missing_done": 0,
      "duplicate_done": 0,
      "zero_output_tokens": 0,
      "stream_bulk_flush": 0,
      "http_500": 0,
      "panic": 0
    }
  ],
  "env": {
    "commit_sha": "a6cbb1d0",
    "hw_id": "rtx-4090",
    "driver": "570.153.02",
    "cuda": "12.4",
    "rust": "1.96.0",
    "ferrum_features": [
      "cuda",
      "vllm-moe-marlin",
      "vllm-paged-attn-v2"
    ],
    "gpu_clock_lock_mhz": 2655,
    "gpu_power_limit_w": 450,
    "gpu_persistence_mode": true,
    "ferrum_env": {
      "FERRUM_SCHED_TRACE": "1",
      "FERRUM_UNIFIED_PROF": "1"
    },
    "runtime_config": {
      "entries": [
        {
          "key": "FERRUM_SCHED_TRACE",
          "effective_value": "1",
          "source": "env",
          "affects": [
            "performance",
            "diagnostics"
          ]
        },
        {
          "key": "FERRUM_UNIFIED_PROF",
          "effective_value": "1",
          "source": "env",
          "affects": [
            "diagnostics"
          ]
        }
      ]
    }
  },
  "env_hash": "sha256:3588a3ecedce2aab616a22ef466a67c1f3739d25e7c07cd8b17e7c79058dff68"
}