{
  "model": "Qwen/Qwen3.5-35B-A3B-GPTQ-Int4",
  "backend": "cuda",
  "scenario": "closed_loop",
  "concurrency": 32,
  "n_prompt": 256,
  "n_gen": 128,
  "actual_input_tokens": {
    "requested": 256,
    "min": 115,
    "max": 115,
    "mean": 115.0
  },
  "actual_input_tokens_per_request": [
    [
      115,
      115,
      115,
      115,
      115,
      115,
      115,
      115,
      115,
      115,
      115,
      115,
      115,
      115,
      115,
      115,
      115,
      115,
      115,
      115,
      115,
      115,
      115,
      115,
      115,
      115,
      115,
      115,
      115,
      115,
      115,
      115
    ]
  ],
  "output_tokens_per_request": [
    [
      128,
      128,
      128,
      128,
      128,
      128,
      128,
      128,
      128,
      128,
      128,
      128,
      128,
      128,
      128,
      128,
      128,
      128,
      128,
      128,
      128,
      128,
      128,
      128,
      128,
      128,
      128,
      128,
      128,
      128,
      128,
      128
    ]
  ],
  "output_token_count_source": "usage",
  "n_repeats": 1,
  "n_requests_per_run": 32,
  "warmup_requests": 4,
  "ttft_ms": {
    "p50": {
      "mean": 2703.5798335
    },
    "p75": {
      "mean": 4276.156785
    },
    "p95": {
      "mean": 4276.2155575
    },
    "p99": {
      "mean": 4276.24265583
    }
  },
  "tpot_ms": {
    "p50": {
      "mean": 17.47151549606299
    },
    "p75": {
      "mean": 17.698805423228347
    },
    "p95": {
      "mean": 17.70492197519685
    },
    "p99": {
      "mean": 17.722484426456695
    }
  },
  "itl_ms": {
    "p50": {
      "mean": 17.514608000000003
    },
    "p75": {
      "mean": 18.345788
    },
    "p95": {
      "mean": 19.702023
    },
    "p99": {
      "mean": 20.3085604
    }
  },
  "e2e_ms": {
    "p50": {
      "mean": 4922.5932575
    },
    "p75": {
      "mean": 6463.2464285
    },
    "p95": {
      "mean": 6463.9751725999995
    },
    "p99": {
      "mean": 6466.08623941
    }
  },
  "output_throughput_tps": {
    "mean": 633.3518270005125
  },
  "total_throughput_tps": {
    "mean": 1202.3788590712854
  },
  "request_throughput_rps": {
    "mean": 4.948061148441504
  },
  "goodput_rps": {
    "mean": 4.948061148441504
  },
  "slo": {
    "ttft_p99_ms": null,
    "tpot_p99_ms": null,
    "e2e_p99_ms": null
  },
  "completed_per_run": [
    32
  ],
  "errored_per_run": [
    0
  ],
  "bad_output_per_run": [
    0
  ],
  "malformed_stream_per_run": [
    0
  ],
  "missing_done_per_run": [
    0
  ],
  "duplicate_done_per_run": [
    0
  ],
  "zero_output_tokens_per_run": [
    0
  ],
  "stream_bulk_flush_per_run": [
    0
  ],
  "http_500_per_run": [
    0
  ],
  "panic_per_run": [
    0
  ],
  "quality_issues_per_run": [
    {
      "bad_output": 0,
      "malformed_stream": 0,
      "missing_done": 0,
      "duplicate_done": 0,
      "zero_output_tokens": 0,
      "stream_bulk_flush": 0,
      "http_500": 0,
      "panic": 0
    }
  ],
  "env": {
    "commit_sha": "6bb7af75",
    "hw_id": "rtx-4090",
    "driver": "570.153.02",
    "cuda": "12.4",
    "rust": "1.96.0",
    "ferrum_features": [
      "cuda",
      "vllm-moe-marlin",
      "vllm-paged-attn-v2"
    ],
    "gpu_clock_lock_mhz": 2655,
    "gpu_power_limit_w": 450,
    "gpu_persistence_mode": true,
    "ferrum_env": {},
    "runtime_config": {
      "entries": []
    }
  },
  "env_hash": "sha256:e8cd341dc3d6f8905b05e88493c58a9e46be9f5c5e7c22f9edf0627c6a70b2ae"
}