{
  "bench_rc": 0,
  "by_batch": {
    "10": {
      "attn_share_mean": 0.07896601732262445,
      "attn_us_mean": 2162.844262295082,
      "attn_us_p95": 2417,
      "count": 122,
      "matmul_share_mean": 0.2515174204839346,
      "matmul_us_mean": 6888.950819672131,
      "matmul_us_p95": 6911,
      "norm_share_mean": 0.016448173678732414,
      "norm_us_mean": 450.5081967213115,
      "norm_us_p95": 457,
      "other_share_mean": 0.049126357239177555,
      "other_us_mean": 1345.549180327869,
      "other_us_p95": 1371,
      "qkr_share_mean": 0.022881162678369104,
      "qkr_us_mean": 626.7049180327868,
      "qkr_us_p95": 633,
      "tail_act_share_mean": 0.013684765583149735,
      "tail_act_us_mean": 374.8196721311475,
      "tail_act_us_p95": 379,
      "tail_mlp_share_mean": 0.49349010003214105,
      "tail_mlp_us_mean": 13516.475409836066,
      "tail_mlp_us_p95": 13544,
      "tail_norm_share_mean": 0.02917828560962866,
      "tail_norm_us_mean": 799.1803278688525,
      "tail_norm_us_p95": 810,
      "tail_resid_share_mean": 0.020487346200508388,
      "tail_resid_us_mean": 561.139344262295,
      "tail_resid_us_p95": 567,
      "total_us_mean": 27389.55737704918,
      "total_us_p95": 27638,
      "unwrapped_share_mean": 0.024220371171734114,
      "unwrapped_us_mean": 663.3852459016393,
      "unwrapped_us_p95": 676
    },
    "12": {
      "attn_share_mean": 0.09037890443307453,
      "attn_us_mean": 2526,
      "attn_us_p95": 2511,
      "count": 2,
      "matmul_share_mean": 0.24818419263658806,
      "matmul_us_mean": 6936.5,
      "matmul_us_p95": 6934,
      "norm_share_mean": 0.01608286521879137,
      "norm_us_mean": 449.5,
      "norm_us_p95": 446,
      "other_share_mean": 0.048481162116712585,
      "other_us_mean": 1355,
      "other_us_p95": 1343,
      "qkr_share_mean": 0.0225410569251136,
      "qkr_us_mean": 630,
      "qkr_us_p95": 624,
      "tail_act_share_mean": 0.013792980070843322,
      "tail_act_us_mean": 385.5,
      "tail_act_us_p95": 381,
      "tail_mlp_share_mean": 0.4871372857705106,
      "tail_mlp_us_mean": 13615,
      "tail_mlp_us_p95": 13611,
      "tail_norm_share_mean": 0.02896346917599914,
      "tail_norm_us_mean": 809.5,
      "tail_norm_us_p95": 807,
      "tail_resid_share_mean": 0.02007227449998211,
      "tail_resid_us_mean": 561,
      "tail_resid_us_p95": 559,
      "total_us_mean": 27949,
      "total_us_p95": 27901,
      "unwrapped_share_mean": 0.0243658091523847,
      "unwrapped_us_mean": 681,
      "unwrapped_us_p95": 680
    },
    "13": {
      "attn_share_mean": 0.07190112686295892,
      "attn_us_mean": 1978,
      "attn_us_p95": 1976,
      "count": 2,
      "matmul_share_mean": 0.2520901490367139,
      "matmul_us_mean": 6935,
      "matmul_us_p95": 6929,
      "norm_share_mean": 0.016248636859323883,
      "norm_us_mean": 447,
      "norm_us_p95": 445,
      "other_share_mean": 0.052290076335877865,
      "other_us_mean": 1438.5,
      "other_us_p95": 1436,
      "qkr_share_mean": 0.022955288985823337,
      "qkr_us_mean": 631.5,
      "qkr_us_p95": 631,
      "tail_act_share_mean": 0.014540167211922937,
      "tail_act_us_mean": 400,
      "tail_act_us_p95": 392,
      "tail_mlp_share_mean": 0.49531079607415485,
      "tail_mlp_us_mean": 13626,
      "tail_mlp_us_p95": 13621,
      "tail_norm_share_mean": 0.02929843693202472,
      "tail_norm_us_mean": 806,
      "tail_norm_us_p95": 803,
      "tail_resid_share_mean": 0.020574336604870958,
      "tail_resid_us_mean": 566,
      "tail_resid_us_p95": 562,
      "total_us_mean": 27510,
      "total_us_p95": 27491,
      "unwrapped_share_mean": 0.024790985096328606,
      "unwrapped_us_mean": 682,
      "unwrapped_us_p95": 674
    },
    "16": {
      "attn_share_mean": 0.08582815990627532,
      "attn_us_mean": 2406.398305084746,
      "attn_us_p95": 2698,
      "count": 118,
      "matmul_share_mean": 0.2486252472106717,
      "matmul_us_mean": 6970.8050847457625,
      "matmul_us_p95": 6990,
      "norm_share_mean": 0.016025206042897304,
      "norm_us_mean": 449.3050847457627,
      "norm_us_p95": 454,
      "other_share_mean": 0.04886542278730013,
      "other_us_mean": 1370.0593220338983,
      "other_us_p95": 1378,
      "qkr_share_mean": 0.022897987645436043,
      "qkr_us_mean": 642,
      "qkr_us_p95": 656,
      "tail_act_share_mean": 0.015495344746862014,
      "tail_act_us_mean": 434.4491525423729,
      "tail_act_us_p95": 438,
      "tail_mlp_share_mean": 0.49021691064567813,
      "tail_mlp_us_mean": 13744.406779661016,
      "tail_mlp_us_p95": 13762,
      "tail_norm_share_mean": 0.02869956078639517,
      "tail_norm_us_mean": 804.6610169491526,
      "tail_norm_us_p95": 811,
      "tail_resid_share_mean": 0.020204248985843064,
      "tail_resid_us_mean": 566.4745762711865,
      "tail_resid_us_p95": 576,
      "total_us_mean": 28037.398305084746,
      "total_us_p95": 28339,
      "unwrapped_share_mean": 0.02314191124264111,
      "unwrapped_us_mean": 648.8389830508474,
      "unwrapped_us_p95": 663
    },
    "3": {
      "attn_share_mean": 0.08316272893266198,
      "attn_us_mean": 2254.5,
      "attn_us_p95": 2252,
      "count": 2,
      "matmul_share_mean": 0.25170143307696563,
      "matmul_us_mean": 6823.5,
      "matmul_us_p95": 6781,
      "norm_share_mean": 0.016673121968313692,
      "norm_us_mean": 452,
      "norm_us_p95": 452,
      "other_share_mean": 0.04856231210461277,
      "other_us_mean": 1316.5,
      "other_us_p95": 1312,
      "qkr_share_mean": 0.023073092458363306,
      "qkr_us_mean": 625.5,
      "qkr_us_p95": 624,
      "tail_act_share_mean": 0.013685239491691105,
      "tail_act_us_mean": 371,
      "tail_act_us_p95": 370,
      "tail_mlp_share_mean": 0.4902709382319851,
      "tail_mlp_us_mean": 13291,
      "tail_mlp_us_p95": 13244,
      "tail_norm_share_mean": 0.02908574484959147,
      "tail_norm_us_mean": 788.5,
      "tail_norm_us_p95": 785,
      "tail_resid_share_mean": 0.020601634113502645,
      "tail_resid_us_mean": 558.5,
      "tail_resid_us_p95": 558,
      "total_us_mean": 27109.5,
      "total_us_p95": 27005,
      "unwrapped_share_mean": 0.023183754772312288,
      "unwrapped_us_mean": 628.5,
      "unwrapped_us_p95": 627
    },
    "4": {
      "attn_share_mean": 0.07232600993963008,
      "attn_us_mean": 1942.8333333333333,
      "attn_us_p95": 2267,
      "count": 6,
      "matmul_share_mean": 0.2533426814664987,
      "matmul_us_mean": 6805.333333333333,
      "matmul_us_p95": 6813,
      "norm_share_mean": 0.01688248031618199,
      "norm_us_mean": 453.5,
      "norm_us_p95": 458,
      "other_share_mean": 0.050318601750913614,
      "other_us_mean": 1351.6666666666667,
      "other_us_p95": 1358,
      "qkr_share_mean": 0.02488009778312745,
      "qkr_us_mean": 668.3333333333334,
      "qkr_us_p95": 630,
      "tail_act_share_mean": 0.013867086919024899,
      "tail_act_us_mean": 372.5,
      "tail_act_us_p95": 372,
      "tail_mlp_share_mean": 0.4947354705813008,
      "tail_mlp_us_mean": 13289.666666666666,
      "tail_mlp_us_p95": 13308,
      "tail_norm_share_mean": 0.029204643457651093,
      "tail_norm_us_mean": 784.5,
      "tail_norm_us_p95": 796,
      "tail_resid_share_mean": 0.02081614166144453,
      "tail_resid_us_mean": 559.1666666666666,
      "tail_resid_us_p95": 560,
      "total_us_mean": 26862.166666666668,
      "total_us_p95": 27081,
      "unwrapped_share_mean": 0.02362678612422676,
      "unwrapped_us_mean": 634.6666666666666,
      "unwrapped_us_p95": 640
    },
    "5": {
      "attn_share_mean": 0.0840827666886013,
      "attn_us_mean": 2300,
      "attn_us_p95": 2300,
      "count": 1,
      "matmul_share_mean": 0.25210206916721506,
      "matmul_us_mean": 6896,
      "matmul_us_p95": 6896,
      "norm_share_mean": 0.01626818746801199,
      "norm_us_mean": 445,
      "norm_us_p95": 445,
      "other_share_mean": 0.048804562404035974,
      "other_us_mean": 1335,
      "other_us_p95": 1335,