{
  "bench_rc": 0,
  "by_batch": {
    "10": {
      "attn_share_mean": 0.0789851253134095,
      "attn_us_mean": 2166.2357723577234,
      "attn_us_p95": 2427,
      "count": 123,
      "matmul_share_mean": 0.2513566503882454,
      "matmul_us_mean": 6893.674796747968,
      "matmul_us_p95": 6919,
      "norm_share_mean": 0.016438102770454103,
      "norm_us_mean": 450.8292682926829,
      "norm_us_p95": 456,
      "other_share_mean": 0.04957013466011261,
      "other_us_mean": 1359.5040650406504,
      "other_us_p95": 1376,
      "qkr_share_mean": 0.022889788348903265,
      "qkr_us_mean": 627.7723577235772,
      "qkr_us_p95": 638,
      "tail_act_share_mean": 0.013722430486674798,
      "tail_act_us_mean": 376.349593495935,
      "tail_act_us_p95": 383,
      "tail_down_share_mean": 0.16849292490444306,
      "tail_down_us_mean": 4621.065040650406,
      "tail_down_us_p95": 4630,
      "tail_gate_up_share_mean": 0.3245588551785715,
      "tail_gate_up_us_mean": 8901.30894308943,
      "tail_gate_up_us_p95": 8925,
      "tail_mlp_share_mean": 0.4930517800830146,
      "tail_mlp_us_mean": 13522.373983739837,
      "tail_mlp_us_p95": 13555,
      "tail_norm_share_mean": 0.02930264049550273,
      "tail_norm_us_mean": 803.650406504065,
      "tail_norm_us_p95": 810,
      "tail_resid_share_mean": 0.02047470461394529,
      "tail_resid_us_mean": 561.5365853658536,
      "tail_resid_us_p95": 570,
      "total_us_mean": 27425.869918699187,
      "total_us_p95": 27698,
      "unwrapped_share_mean": 0.024208642839737688,
      "unwrapped_us_mean": 663.9430894308944,
      "unwrapped_us_p95": 680
    },
    "12": {
      "attn_share_mean": 0.09030911652961847,
      "attn_us_mean": 2531.5,
      "attn_us_p95": 2528,
      "count": 2,
      "matmul_share_mean": 0.24882721224336907,
      "matmul_us_mean": 6975,
      "matmul_us_p95": 6959,
      "norm_share_mean": 0.016017694379537307,
      "norm_us_mean": 449,
      "norm_us_p95": 449,
      "other_share_mean": 0.048659543727592174,
      "other_us_mean": 1364,
      "other_us_p95": 1361,
      "qkr_share_mean": 0.022224996878511673,
      "qkr_us_mean": 623,
      "qkr_us_p95": 621,
      "tail_act_share_mean": 0.014376683374061323,
      "tail_act_us_mean": 403,
      "tail_act_us_p95": 402,
      "tail_down_share_mean": 0.1660096676952714,
      "tail_down_us_mean": 4653.5,
      "tail_down_us_p95": 4647,
      "tail_gate_up_share_mean": 0.32051442127606444,
      "tail_gate_up_us_mean": 8984.5,
      "tail_gate_up_us_p95": 8955,
      "tail_mlp_share_mean": 0.4865240889713358,
      "tail_mlp_us_mean": 13638,
      "tail_mlp_us_p95": 13602,
      "tail_norm_share_mean": 0.028664181367390257,
      "tail_norm_us_mean": 803.5,
      "tail_norm_us_p95": 801,
      "tail_resid_share_mean": 0.020120221893227264,
      "tail_resid_us_mean": 564,
      "tail_resid_us_p95": 563,
      "total_us_mean": 28031.5,
      "total_us_p95": 27958,
      "unwrapped_share_mean": 0.024276260635356654,
      "unwrapped_us_mean": 680.5,
      "unwrapped_us_p95": 672
    },
    "13": {
      "attn_share_mean": 0.07206208425720621,
      "attn_us_mean": 1982.5,
      "attn_us_p95": 1978,
      "count": 2,
      "matmul_share_mean": 0.2522627312711279,
      "matmul_us_mean": 6940,
      "matmul_us_p95": 6913,
      "norm_share_mean": 0.016302569881138453,
      "norm_us_mean": 448.5,
      "norm_us_p95": 448,
      "other_share_mean": 0.05127040093053688,
      "other_us_mean": 1410.5,
      "other_us_p95": 1387,
      "qkr_share_mean": 0.022863581839991275,
      "qkr_us_mean": 629,
      "qkr_us_p95": 625,
      "tail_act_share_mean": 0.014957653302315438,
      "tail_act_us_mean": 411.5,
      "tail_act_us_p95": 406,
      "tail_down_share_mean": 0.16924139435135038,
      "tail_down_us_mean": 4656,
      "tail_down_us_p95": 4653,
      "tail_gate_up_share_mean": 0.32634219039656864,
      "tail_gate_up_us_mean": 8978,
      "tail_gate_up_us_p95": 8973,
      "tail_mlp_share_mean": 0.495583584747919,
      "tail_mlp_us_mean": 13634,
      "tail_mlp_us_p95": 13632,
      "tail_norm_share_mean": 0.02920649921849442,
      "tail_norm_us_mean": 803.5,
      "tail_norm_us_p95": 803,
      "tail_resid_share_mean": 0.020573588746319656,
      "tail_resid_us_mean": 566,
      "tail_resid_us_p95": 559,
      "total_us_mean": 27511,
      "total_us_p95": 27442,
      "unwrapped_share_mean": 0.024917305804950746,
      "unwrapped_us_mean": 685.5,
      "unwrapped_us_p95": 682
    },
    "16": {
      "attn_share_mean": 0.08589783526576523,
      "attn_us_mean": 2411.635593220339,
      "attn_us_p95": 2698,
      "count": 118,
      "matmul_share_mean": 0.2486401740577206,
      "matmul_us_mean": 6980.728813559322,
      "matmul_us_p95": 7036,
      "norm_share_mean": 0.016012742821749002,
      "norm_us_mean": 449.56779661016947,
      "norm_us_p95": 461,
      "other_share_mean": 0.0490454957614482,
      "other_us_mean": 1376.9830508474577,
      "other_us_p95": 1410,
      "qkr_share_mean": 0.02288250500162394,
      "qkr_us_mean": 642.4406779661017,
      "qkr_us_p95": 657,
      "tail_act_share_mean": 0.015502317590140915,
      "tail_act_us_mean": 435.23728813559325,
      "tail_act_us_p95": 441,
      "tail_down_share_mean": 0.16770925019710684,
      "tail_down_us_mean": 4708.542372881356,
      "tail_down_us_p95": 4723,
      "tail_gate_up_share_mean": 0.32196512808624644,
      "tail_gate_up_us_mean": 9039.372881355932,
      "tail_gate_up_us_p95": 9067,
      "tail_mlp_share_mean": 0.4896743782833533,
      "tail_mlp_us_mean": 13747.915254237289,
      "tail_mlp_us_p95": 13782,
      "tail_norm_share_mean": 0.028727190844100258,
      "tail_norm_us_mean": 806.5338983050848,
      "tail_norm_us_p95": 815,
      "tail_resid_share_mean": 0.020194849021589387,
      "tail_resid_us_mean": 566.9830508474577,
      "tail_resid_us_p95": 579,
      "total_us_mean": 28075.627118644068,
      "total_us_p95": 28360,
      "unwrapped_share_mean": 0.023422511352509143,
      "unwrapped_us_mean": 657.6016949152543,
      "unwrapped_us_p95": 686
    },
    "3": {
      "attn_share_mean": 0.08320686974867676,
      "attn_us_mean": 2248,
      "attn_us_p95": 2249,
      "count": 3,
      "matmul_share_mean": 0.25079271076235954,
      "matmul_us_mean": 6775.666666666667,
      "matmul_us_p95": 6782,
      "norm_share_mean": 0.01663150362117679,
      "norm_us_mean": 449.3333333333333,
      "norm_us_p95": 449,
      "other_share_mean": 0.04878409890069216,
      "other_us_mean": 1318,
      "other_us_p95": 1314,
      "qkr_share_mean": 0.023145920469827642,
      "qkr_us_mean": 625.3333333333334,
      "qkr_us_p95": 622,
      "tail_act_share_mean": 0.013806122071288448,
      "tail_act_us_mean": 373,
      "tail_act_us_p95": 372,
      "tail_down_share_mean": 0.1700904368854178,
      "tail_down_us_mean": 4595.333333333333,
      "tail_down_us_p95": 4597,
      "tail_gate_up_share_mean": 0.3201070930648604,
      "tail_gate_up_us_mean": 8648.333333333334,
      "tail_gate_up_us_p95": 8648,
      "tail_mlp_share_mean": 0.4901975299502782,
      "tail_mlp_us_mean": 13243.666666666666,
      "tail_mlp_us_p95": 13246,
      "tail_norm_share_mean": 0.0291791588012486,
      "tail_norm_us_mean": 788.3333333333334,
      "tail_norm_us_p95": 789,
      "tail_resid_share_mean": 0.020727689972979975,
      "tail_resid_us_mean": 560,
      "tail_resid_us_p95": 560,
      "total_us_mean": 27017,
      "total_us_p95": 27012,
      "unwrapped_share_mean": 0.023528395701471912,
      "unwrapped_us_mean": 635.6666666666666,
      "unwrapped_us_p95": 633
    },
    "4": {
      "attn_share_mean": 0.07006796138185661,
      "attn_us_mean": 1882.6,
      "attn_us_p95": 1870,
      "count": 5,
      "matmul_share_mean": 0.25406242323639094,
      "matmul_us_mean": 6826.2,
      "matmul_us_p95": 6857,
      "norm_share_mean": 0.017031286055634542,
      "norm_us_mean": 457.6,
      "norm_us_p95": 460,
      "other_share_mean": 0.05055790860571233,