{
  "artifact": "/workspace/artifacts/w3_qwen35_packed_prefill_cuda_20260621T035129Z_17d8eb38_dirty",
  "build_exit": "BUILD_EXIT:0",
  "correctness": {
    "basic": "PASS",
    "stream_usage": "PASS",
    "strict_json": "PASS",
    "tool_required": "PASS"
  },
  "binary_sha256": "92955fb7249be323161b03724e95e38997756067878bf3d2e5991135c0457d03  /workspace/ferrum-w3-clean-b6/target/release/ferrum",
  "bench_c32_32x1": {
    "model": "/workspace/hf-cache/hub/models--Qwen--Qwen3.5-35B-A3B-GPTQ-Int4/snapshots/3af5ca2972faf6de1fd6f4efc4d8d319ca751e8b",
    "backend": "cuda",
    "scenario": "closed_loop",
    "concurrency": 32,
    "n_prompt": 256,
    "n_gen": 128,
    "actual_input_tokens": {
      "requested": 256,
      "min": 115,
      "max": 115,
      "mean": 115.0
    },
    "actual_input_tokens_per_request": [
      [
        115,
        115,
        115,
        115,
        115,
        115,
        115,
        115,
        115,
        115,
        115,
        115,
        115,
        115,
        115,
        115,
        115,
        115,
        115,
        115,
        115,
        115,
        115,
        115,
        115,
        115,
        115,
        115,
        115,
        115,
        115,
        115
      ]
    ],
    "output_tokens_per_request": [
      [
        44,
        44,
        58,
        44,
        44,
        44,
        44,
        44,
        44,
        44,
        44,
        44,
        44,
        44,
        44,
        44,
        44,
        44,
        44,
        44,
        44,
        44,
        44,
        44,
        44,
        44,
        44,
        44,
        44,
        44,
        44,
        44
      ]
    ],
    "output_token_count_source": "usage",
    "n_repeats": 1,
    "n_requests_per_run": 32,
    "warmup_requests": 0,
    "ttft_ms": {
      "p50": {
        "mean": 1182.0257139999999
      },
      "p75": {
        "mean": 1755.545957
      },
      "p95": {
        "mean": 1756.72733435
      },
      "p99": {
        "mean": 1756.9661256500003
      }
    },
    "tpot_ms": {
      "p50": {
        "mean": 31.61731137209302
      },
      "p75": {
        "mean": 31.690261023255815
      },
      "p95": {
        "mean": 31.741759994186047
      },
      "p99": {
        "mean": 31.746169136744182
      }
    },
    "itl_ms": {
      "p50": {
        "mean": 18.195621000000003
      },
      "p75": {
        "mean": 18.295703749999998
      },
      "p95": {
        "mean": 18.7162385
      },
      "p99": {
        "mean": 594.70422083
      }
    },
    "e2e_ms": {
      "p50": {
        "mean": 2542.6928755
      },
      "p75": {
        "mean": 2543.744901
      },
      "p95": {
        "mean": 2544.5397334
      },
      "p99": {
        "mean": 2661.31998191
      }
    },
    "output_throughput_tps": {
      "mean": 523.9566897017089
    },
    "total_throughput_tps": {
      "mean": 1879.9064914614057
    },
    "request_throughput_rps": {
      "mean": 11.790867841388668
    },
    "goodput_rps": {
      "mean": 11.790867841388668
    },
    "slo": {
      "ttft_p99_ms": null,
      "tpot_p99_ms": null,
      "e2e_p99_ms": null
    },
    "completed_per_run": [
      32
    ],
    "errored_per_run": [
      0
    ],
    "bad_output_per_run": [
      0
    ],
    "malformed_stream_per_run": [
      0
    ],
    "missing_done_per_run": [
      0
    ],
    "duplicate_done_per_run": [
      0
    ],
    "zero_output_tokens_per_run": [
      0
    ],
    "stream_bulk_flush_per_run": [
      0
    ],
    "http_500_per_run": [
      0
    ],
    "panic_per_run": [
      0
    ],
    "quality_issues_per_run": [
      {
        "bad_output": 0,
        "malformed_stream": 0,
        "missing_done": 0,
        "duplicate_done": 0,
        "zero_output_tokens": 0,
        "stream_bulk_flush": 0,
        "http_500": 0,
        "panic": 0
      }
    ],
    "env": {
      "commit_sha": "17d8eb38_dirty",
      "hw_id": "rtx-4090",
      "driver": "580.126.09",
      "cuda": "12.4",
      "rust": "unknown",
      "ferrum_features": [
        "cuda",
        "vllm-moe-marlin",
        "vllm-paged-attn-v2"
      ],
      "gpu_clock_lock_mhz": 2745,
      "gpu_power_limit_w": 450,
      "gpu_persistence_mode": true,
      "ferrum_env": {},
      "runtime_config": {
        "entries": []
      }
    },
    "env_hash": "sha256:9b321145bc90e3b3dbd619a06f54857d67a72da12839b2ade03abd4437f36fe5"
  },
  "bench_c32_32x1_warm2": {
    "model": "/workspace/hf-cache/hub/models--Qwen--Qwen3.5-35B-A3B-GPTQ-Int4/snapshots/3af5ca2972faf6de1fd6f4efc4d8d319ca751e8b",
    "backend": "cuda",
    "scenario": "closed_loop",
    "concurrency": 32,
    "n_prompt": 256,
    "n_gen": 128,
    "actual_input_tokens": {
      "requested": 256,
      "min": 115,
      "max": 115,
      "mean": 115.0
    },
    "actual_input_tokens_per_request": [
      [
        115,
        115,
        115,
        115,
        115,
        115,
        115,
        115,
        115,
        115,
        115,
        115,
        115,
        115,
        115,
        115,
        115,
        115,
        115,
        115,
        115,
        115,
        115,
        115,
        115,
        115,
        115,
        115,
        115,
        115,
        115,
        115
      ]
    ],
    "output_tokens_per_request": [
      [
        58,
        44,
        43,
        44,
        44,
        44,
        44,
        44,
        44,
        44,
        44,
        44,
        44,
        44,
        44,
        44,
        44,
        44,
        44,
        44,
        44,
        44,
        44,
        44,
        44,
        44,
        44,
        44,
        44,
        44,
        44,
        44
      ]
    ],
    "output_token_count_source": "usage",
    "n_repeats": 1,
    "n_requests_per_run": 32,
    "warmup_requests": 0,
    "ttft_ms": {
      "p50": {
        "mean": 589.044146
      },
      "p75": {
        "mean": 1056.4828387500002
      },
      "p95": {
        "mean": 1057.59873325
      },
      "p99": {
        "mean": 1057.8355556799997
      }
    },
    "tpot_ms": {
      "p50": {
        "mean": 27.189397181558547
      },
      "p75": {
        "mean": 29.297133825581394
      },
      "p95": {
        "mean": 29.36892578604651
      },
      "p99": {
        "mean": 29.50087660677741
      }
    },
    "itl_ms": {
      "p50": {
        "mean": 18.164642
      },
      "p75": {
        "mean": 18.368957
      },
      "p95": {
        "mean": 19.2335198
      },
      "p99": {
        "mean": 487.6686578
      }
    },
    "e2e_ms": {
      "p50": {
        "mean": 1848.0102065
      },
      "p75": {
        "mean": 1849.1530799999998
      },
      "p95": {
        "mean": 1850.1171757
      },
      "p99": {
        "mean": 1967.0850716500001
      }
    },
    "output_throughput_tps": {
      "mean": 703.5563247265256
    },
    "total_throughput_tps": {
      "mean": 2525.5741114919124
    },
    "request_throughput_rps": {
      "mean": 15.843632928394667
    },
    "goodput_rps": {
      "mean": 15.843632928394667
    },
    "slo": {
      "ttft_p99_ms": null,
      "tpot_p99_ms": null,
      "e2e_p99_ms": null
    },
    "completed_per_run": [
      32
    ],
    "errored_per_run": [
      0
    ],
    "bad_output_per_run": [
      0
    ],
    "malformed_stream_per_run": [
      0
    ],
    "missing_done_per_run": [
      0
    ],
    "duplicate_done_per_run": [
      0
    ],
    "zero_output_tokens_per_run": [
      0
    ],
    "stream_bulk_flush_per_run": [
      0
    ],
    "http_500_per_run": [
      0
    ],
    "panic_per_run": [
      0
    ],
    "quality_issues_per_run": [
      {
        "bad_output": 0,
        "malformed_stream": 0,
        "missing_done": 0,
        "duplicate_done": 0,
        "zero_output_tokens": 0,
        "stream_bulk_flush": 0,
        "http_500": 0,
        "panic": 0
      }
    ],
    "env": {
      "commit_sha": "17d8eb38_dirty",