{
  "model": "Qwen/Qwen3.5-35B-A3B-GPTQ-Int4",
  "backend": "cuda",
  "scenario": "closed_loop",
  "concurrency": 16,
  "n_prompt": 256,
  "n_gen": 32,
  "actual_input_tokens": {
    "requested": 256,
    "min": 115,
    "max": 115,
    "mean": 115.0
  },
  "actual_input_tokens_per_request": [
    [
      115,
      115,
      115,
      115,
      115,
      115,
      115,
      115,
      115,
      115,
      115,
      115,
      115,
      115,
      115,
      115
    ]
  ],
  "output_tokens_per_request": [
    [
      32,
      32,
      32,
      32,
      32,
      32,
      32,
      32,
      32,
      32,
      32,
      32,
      32,
      32,
      32,
      32
    ]
  ],
  "output_token_count_source": "usage",
  "n_repeats": 1,
  "n_requests_per_run": 16,
  "warmup_requests": 0,
  "ttft_ms": {
    "p50": {
      "mean": 1443.789589
    },
    "p75": {
      "mean": 1443.8056165
    },
    "p95": {
      "mean": 1443.827339
    },
    "p99": {
      "mean": 1443.8520038
    }
  },
  "tpot_ms": {
    "p50": {
      "mean": 80.89423348387098
    },
    "p75": {
      "mean": 80.90696561290322
    },
    "p95": {
      "mean": 80.93850029838708
    },
    "p99": {
      "mean": 80.99216013709676
    }
  },
  "itl_ms": {
    "p50": {
      "mean": 80.9182745
    },
    "p75": {
      "mean": 81.975978
    },
    "p95": {
      "mean": 82.706456
    },
    "p99": {
      "mean": 85.7780482
    }
  },
  "e2e_ms": {
    "p50": {
      "mean": 3951.5317875
    },
    "p75": {
      "mean": 3951.899524
    },
    "p95": {
      "mean": 3952.87308425
    },
    "p99": {
      "mean": 3954.5466024499997
    }
  },
  "output_throughput_tps": {
    "mean": 129.44925443545154
  },
  "total_throughput_tps": {
    "mean": 594.6575125628555
  },
  "request_throughput_rps": {
    "mean": 4.0452892011078605
  },
  "goodput_rps": {
    "mean": 4.0452892011078605
  },
  "slo": {
    "ttft_p99_ms": null,
    "tpot_p99_ms": null,
    "e2e_p99_ms": null
  },
  "completed_per_run": [
    16
  ],
  "errored_per_run": [
    0
  ],
  "bad_output_per_run": [
    0
  ],
  "malformed_stream_per_run": [
    0
  ],
  "missing_done_per_run": [
    0
  ],
  "duplicate_done_per_run": [
    0
  ],
  "zero_output_tokens_per_run": [
    0
  ],
  "stream_bulk_flush_per_run": [
    0
  ],
  "http_500_per_run": [
    0
  ],
  "panic_per_run": [
    0
  ],
  "quality_issues_per_run": [
    {
      "bad_output": 0,
      "malformed_stream": 0,
      "missing_done": 0,
      "duplicate_done": 0,
      "zero_output_tokens": 0,
      "stream_bulk_flush": 0,
      "http_500": 0,
      "panic": 0
    }
  ],
  "env": {
    "commit_sha": "670a70f5",
    "hw_id": "rtx-4090",
    "driver": "570.153.02",
    "cuda": "12.4",
    "rust": "1.96.0",
    "ferrum_features": [
      "cuda",
      "vllm-moe-marlin",
      "vllm-paged-attn-v2"
    ],
    "gpu_clock_lock_mhz": 2535,
    "gpu_power_limit_w": 450,
    "gpu_persistence_mode": true,
    "ferrum_env": {
      "FERRUM_MARLIN_PROFILE": "1",
      "FERRUM_QWEN35_DECODE_PROFILE": "1",
      "FERRUM_QWEN35_LAYER_DETAIL_PROFILE": "1"
    },
    "runtime_config": {
      "entries": [
        {
          "key": "FERRUM_MARLIN_PROFILE",
          "effective_value": "1",
          "source": "env",
          "affects": [
            "performance",
            "diagnostics"
          ]
        },
        {
          "key": "FERRUM_QWEN35_DECODE_PROFILE",
          "effective_value": "1",
          "source": "env",
          "affects": [
            "diagnostics"
          ]
        },
        {
          "key": "FERRUM_QWEN35_LAYER_DETAIL_PROFILE",
          "effective_value": "1",
          "source": "env",
          "affects": [
            "diagnostics"
          ]
        }
      ]
    }
  },
  "env_hash": "sha256:e345e0c92ffb565c19ff2c92fd11c72d02aa6ff6d07771bf8158f407c7493f18"
}