{
  "model": "Qwen/Qwen3.5-35B-A3B-GPTQ-Int4",
  "backend": "cuda",
  "scenario": "closed_loop",
  "concurrency": 32,
  "n_prompt": 256,
  "n_gen": 128,
  "actual_input_tokens": {
    "requested": 256,
    "min": 115,
    "max": 115,
    "mean": 115.0
  },
  "actual_input_tokens_per_request": [
    [
      115,
      115,
      115,
      115,
      115,
      115,
      115,
      115,
      115,
      115,
      115,
      115,
      115,
      115,
      115,
      115,
      115,
      115,
      115,
      115,
      115,
      115,
      115,
      115,
      115,
      115,
      115,
      115,
      115,
      115,
      115,
      115
    ]
  ],
  "output_tokens_per_request": [
    [
      128,
      128,
      128,
      128,
      128,
      128,
      128,
      128,
      128,
      128,
      128,
      128,
      128,
      128,
      128,
      128,
      128,
      128,
      128,
      128,
      128,
      128,
      128,
      128,
      128,
      128,
      128,
      128,
      128,
      128,
      128,
      128
    ]
  ],
  "output_token_count_source": "usage",
  "n_repeats": 1,
  "n_requests_per_run": 32,
  "warmup_requests": 4,
  "ttft_ms": {
    "p50": {
      "mean": 2042.0031265000002
    },
    "p75": {
      "mean": 2042.0392185
    },
    "p95": {
      "mean": 2108.42437825
    },
    "p99": {
      "mean": 2108.76709508
    }
  },
  "tpot_ms": {
    "p50": {
      "mean": 56.290233169291334
    },
    "p75": {
      "mean": 87.26508715748032
    },
    "p95": {
      "mean": 100.31386070866142
    },
    "p99": {
      "mean": 101.35106955748032
    }
  },
  "itl_ms": {
    "p50": {
      "mean": 37.397729
    },
    "p75": {
      "mean": 57.1018315
    },
    "p95": {
      "mean": 66.49241079999994
    },
    "p99": {
      "mean": 117.87962038999964
    }
  },
  "e2e_ms": {
    "p50": {
      "mean": 9224.27321
    },
    "p75": {
      "mean": 13124.627807
    },
    "p95": {
      "mean": 14781.80873225
    },
    "p99": {
      "mean": 14913.570882600001
    }
  },
  "output_throughput_tps": {
    "mean": 274.6373588995076
  },
  "total_throughput_tps": {
    "mean": 521.381861035784
  },
  "request_throughput_rps": {
    "mean": 2.145604366402403
  },
  "goodput_rps": {
    "mean": 2.145604366402403
  },
  "slo": {
    "ttft_p99_ms": null,
    "tpot_p99_ms": null,
    "e2e_p99_ms": null
  },
  "completed_per_run": [
    32
  ],
  "errored_per_run": [
    0
  ],
  "bad_output_per_run": [
    0
  ],
  "malformed_stream_per_run": [
    0
  ],
  "missing_done_per_run": [
    0
  ],
  "duplicate_done_per_run": [
    0
  ],
  "zero_output_tokens_per_run": [
    0
  ],
  "stream_bulk_flush_per_run": [
    0
  ],
  "http_500_per_run": [
    0
  ],
  "panic_per_run": [
    0
  ],
  "quality_issues_per_run": [
    {
      "bad_output": 0,
      "malformed_stream": 0,
      "missing_done": 0,
      "duplicate_done": 0,
      "zero_output_tokens": 0,
      "stream_bulk_flush": 0,
      "http_500": 0,
      "panic": 0
    }
  ],
  "env": {
    "commit_sha": "fbf23458",
    "hw_id": "rtx-4090",
    "driver": "570.153.02",
    "cuda": "12.4",
    "rust": "1.96.0",
    "ferrum_features": [
      "cuda",
      "vllm-moe-marlin",
      "vllm-paged-attn-v2"
    ],
    "gpu_clock_lock_mhz": 2655,
    "gpu_power_limit_w": 450,
    "gpu_persistence_mode": true,
    "ferrum_env": {
      "FERRUM_SCHED_TRACE": "1",
      "FERRUM_UNIFIED_PROF": "1"
    },
    "runtime_config": {
      "entries": [
        {
          "key": "FERRUM_SCHED_TRACE",
          "effective_value": "1",
          "source": "env",
          "affects": [
            "performance",
            "diagnostics"
          ]
        },
        {
          "key": "FERRUM_UNIFIED_PROF",
          "effective_value": "1",
          "source": "env",
          "affects": [
            "diagnostics"
          ]
        }
      ]
    }
  },
  "env_hash": "sha256:7c74fbd3dc519d045524ed71a1ebfa60f74398566e428f8d6213f7d9e4720fd6"
}